rank,domain
1,google.com
2,youtube.com
3,tmall.com
4,qq.com
5,baidu.com
6,sohu.com
7,facebook.com
8,login.tmall.com
9,taobao.com
10,360.cn
11,jd.com
12,yahoo.com
13,wikipedia.org
14,amazon.com
15,pages.tmall.com
16,zoom.us
17,weibo.com
18,sina.com.cn
19,live.com
20,reddit.com
21,netflix.com
22,vk.com
23,xinhuanet.com
24,microsoft.com
25,okezone.com
26,office.com
27,alipay.com
28,csdn.net
29,instagram.com
30,blogspot.com
31,yahoo.co.jp
32,myshopify.com
33,twitch.tv
34,microsoftonline.com
35,google.com.hk
36,stackoverflow.com
37,tribunnews.com
38,naver.com
39,babytree.com
40,bing.com
41,livejasmin.com
42,bongacams.com
43,aliexpress.com
44,zhanqi.tv
45,panda.tv
46,tianya.cn
47,amazon.co.jp
48,ebay.com
49,china.com.cn
50,google.co.in
51,chaturbate.com
52,apple.com
53,adobe.com
54,mail.ru
55,sogou.com
56,salesforce.com
57,twitter.com
58,amazon.in
59,mama.cn
60,msn.com
61,ok.ru
62,wordpress.com
63,yandex.ru
64,linkedin.com
65,aparat.com
66,pornhub.com
67,dropbox.com
68,yy.com
69,google.co.jp
70,google.com.br
71,sindonews.com
72,imgur.com
73,medium.com
74,whatsapp.com
75,imdb.com
76,trello.com
77,huanqiu.com
78,detail.tmall.com
79,amazonaws.com
80,grid.id
81,detik.com
82,17ok.com
83,freepik.com
84,jrj.com.cn
85,1688.com
86,spotify.com
87,google.cn
88,fandom.com
89,udemy.com
90,bbc.com
91,roblox.com
92,bilibili.com
93,ettoday.net
94,amazon.de
95,cnn.com
96,google.de
97,worldometers.info
98,amazon.co.uk
99,zoho.com
100,xvideos.com
101,kompas.com
102,pixnet.net
103,google.es
104,rakuten.co.jp
105,github.com
106,google.it
107,google.ru
108,instructure.com
109,bbc.co.uk
110,discord.com
111,google.fr
112,nytimes.com
113,hao123.com
114,etsy.com
115,soundcloud.com
116,epicgames.com
117,paypal.com
118,myway.com
119,walmart.com
120,indiatimes.com
121,stackexchange.com
122,tumblr.com
123,cnblogs.com
124,flipkart.com
125,wetransfer.com
126,yao.tmall.com
127,canva.com
128,globo.com
129,primevideo.com
130,nih.gov
131,mercadolivre.com.br
132,xhamster.com
133,thestartmagazine.com
134,6.cn
135,gosuslugi.ru
136,youm7.com
137,uol.com.br
138,google.com.tw
139,onlinesbi.com
140,padlet.com
141,pixabay.com
142,savefrom.net
143,google.com.mx
144,so.com
145,digikala.com
146,daum.net
147,theguardian.com
148,okta.com
149,3c.tmall.com
150,cnet.com
151,google.com.sg
152,ladbible.com
153,pinterest.com
154,gome.com.cn
155,slideshare.net
156,grammarly.com
157,liputan6.com
158,zillow.com
159,speedtest.net
160,tradingview.com
161,vimeo.com
162,google.com.tr
163,quizlet.com
164,aliyun.com
165,zhihu.com
166,researchgate.net
167,suara.com
168,archive.org
169,metropoles.com
170,mediafire.com
171,rednet.cn
172,wix.com
173,tokopedia.com
174,google.co.uk
175,unsplash.com
176,iqoption.com
177,bestbuy.com
178,craigslist.org
179,office365.com
180,forbes.com
181,avito.ru
182,investing.com
183,wikihow.com
184,chase.com
185,163.com
186,ilovepdf.com
187,tiktok.com
188,gamepedia.com
189,skype.com
190,webex.com
191,indeed.com
192,amazon.ca
193,soso.com
194,jianshu.com
195,nicovideo.jp
196,brilio.net
197,setn.com
198,w3schools.com
199,manoramaonline.com
200,google.com.eg
201,bukalapak.com
202,healthline.com
203,merdeka.com
204,ikea.com
205,google.ca
206,google.com.sa
207,newstrend.news
208,ups.com
209,duckduckgo.com
210,ltn.com.tw
211,eastday.com
212,godaddy.com
213,iqiyi.com
214,momoshop.com.tw
215,homedepot.com
216,itnuzleafan.com
217,amazon.it
218,namnak.com
219,tistory.com
220,nvzhuang.tmall.com
221,mozilla.org
222,booking.com
223,coursera.org
224,kumparan.com
225,ebay.de
226,telegram.org
227,google.com.ar
228,subject.tmall.com
229,smallpdf.com
230,51sole.com
231,reverso.net
232,chouftv.ma
233,nianhuo.tmall.com
234,fedex.com
235,espn.com
236,protothema.gr
237,blogger.com
238,ebc.net.tw
239,zerodha.com
240,patch.com
241,food.tmall.com
242,lazada.sg
243,err.tmall.com
244,list.tmall.com
245,googlevideo.com
246,amazon.fr
247,uniqlo.tmall.com
248,breitbart.com
249,hulu.com
250,force.com
251,redd.it
252,quora.com
253,businessinsider.com
254,hdfcbank.com
255,google.co.th
256,dailymotion.com
257,messenger.com
258,biobiochile.cl
259,behance.net
260,t.co
261,steamcommunity.com
262,ask.com
263,patria.org.ve
264,slack.com
265,washingtonpost.com
266,y2mate.com
267,itpatratr.com
268,kapanlagi.com
269,shutterstock.com
270,hespress.com
271,target.com
272,cnbc.com
273,google.co.id
274,thesaurus.com
275,weebly.com
276,telewebion.com
277,idntimes.com
278,op.gg
279,get-express-vpn.com
280,shaparak.ir
281,abs-cbn.com
282,deepl.com
283,alibaba.com
284,dostor.org
285,sciencedirect.com
286,google.pl
287,ndtv.com
288,amazon.cn
289,foxnews.com
290,box.com
291,heavy.com
292,amazon.es
293,line.me
294,albawabhnews.com
295,asos.com
296,mercadolibre.com.mx
297,sberbank.ru
298,allegro.pl
299,gmw.cn
300,bet9ja.com
301,aminoapps.com
302,flaticon.com
303,mercari.com
304,scribd.com
305,xnxx.com
306,51.la
307,irctc.co.in
308,t.me
309,dailymail.co.uk
310,icicibank.com
311,hotstar.com
312,ca.gov
313,wixsite.com
314,wikimedia.org
315,aliexpress.ru
316,hp.com
317,sahibinden.com
318,academia.edu
319,capitalone.com
320,mercadolibre.com.ar
321,cnnic.cn
322,trendyol.com
323,samsung.com
324,hotmart.com
325,n11.com
326,geeksforgeeks.org
327,softonic.com
328,fiaharam.net
329,alwafd.news
330,moneycontrol.com
331,cloudfront.net
332,miao.tmall.com
333,kakao.com
334,trustpilot.com
335,google.co.kr
336,dell.com
337,goodreads.com
338,gotowebinar.com
339,9gag.com
340,yts.mx
341,sbc7wfnaakau.com
342,chinaz.com
343,fc2.com
344,neiyi.tmall.com
345,ofgogoatan.com
346,gstatic.com
347,wayfair.com
348,rambler.ru
349,weather.com
350,spao.tmall.com
351,inquirer.net
352,leboncoin.fr
353,mit.edu
354,investopedia.com
355,caixa.gov.br
356,z3dmbpl6309s.com
357,thepiratebay.org
358,chinadaily.com.cn
359,freelancer.com
360,wordreference.com
361,hepsiburada.com
362,hootsuite.com
363,steampowered.com
364,edmodo.com
365,wildberries.ru
366,douban.com
367,gap.tmall.com
368,google.com.au
369,zendesk.com
370,jpnn.com
371,pinimg.com
372,kinopoisk.ru
373,rockstargames.com
374,otvfoco.com.br
375,beytoote.com
376,airbnb.com
377,sportbible.com
378,bbom2b434493.com
379,cambridge.org
380,lee.tmall.com
381,namu.wiki
382,cnnindonesia.com
383,nike.com
384,uchi.ru
385,ebay.co.uk
386,google.com.vn
387,fast.com
388,chess.com
389,ensonhaber.com
390,in.gr
391,myhome.tmall.com
392,google.gr
393,hurriyet.com.tr
394,au79nt5wic4x.com
395,marketwatch.com
396,utorrent.com
397,disneyplus.com
398,cdstm.cn
399,qoo10.sg
400,indiamart.com
401,tencent.com
402,nikkei.com
403,divar.ir
404,twimg.com
405,docusign.com
406,crabsecret.tmall.com
407,gotomeeting.com
408,collegeboard.org
409,surveymonkey.com
410,google.com.ua
411,zippyshare.com
412,1337x.to
413,blackboard.com
414,ebay-kleinanzeigen.de
415,amazon.com.br
416,squarespace.com
417,americanas.com.br
418,tutorialspoint.com
419,dcard.tw
420,loom.com
421,arcgis.com
422,kundelik.kz
423,ebay.com.au
424,dbs.com.sg
425,mathrubhumi.com
426,huaban.com
427,uptodown.com
428,gmx.net
429,xfinity.com
430,souq.com
431,81.cn
432,gismeteo.ru
433,who.int
434,elbalad.news
435,irs.gov
436,patreon.com
437,duolingo.com
438,prothomalo.com
439,khanacademy.org
440,aol.com
441,cdc.gov
442,fiverr.com
443,ecosia.org
444,google.co.ve
445,viber.com
446,filimo.com
447,webmd.com
448,spankbang.com
449,google.ro
450,properatersch.fun
451,deviantart.com
452,realtor.com
453,rt.com
454,shopee.tw
455,104.com.tw
456,td.com
457,oracle.com
458,genius.com
459,alnaharegypt.com
460,17track.net
461,namasha.com
462,pulzo.com
463,ouedkniss.com
464,naukri.com
465,dyson.tmall.com
466,intoday.in
467,bet365.com
468,bp.blogspot.com
469,pikiran-rakyat.com
470,shopee.co.id
471,norton.com
472,spzs.com
473,youdao.com
474,aimer.tmall.com
475,taboola.com
476,doubleclick.net
477,giphy.com
478,schoology.com
479,wish.com
480,canada.ca
481,adp.com
482,reuters.com
483,buzzfeed.com
484,yaklass.ru
485,sourceforge.net
486,banvenez.com
487,eksisozluk.com
488,vnexpress.net
489,issuu.com
490,list-manage.com
491,azure.com
492,efu.com.cn
493,covid19india.org
494,infobae.com
495,nike.tmall.com
496,fun48.com
497,sonhoo.com
498,istockphoto.com
499,web.de
500,discordapp.com
501,google.com.pe
502,nypost.com
503,rediff.com
504,turkiye.gov.tr
505,pngtree.com
506,bbcollab.com
507,lowes.com
508,udn.com
509,uselnk.com
510,gsmarena.com
511,mgid.com
512,hamariweb.com
513,reclameaqui.com.br
514,wattpad.com
515,chegg.com
516,lifo.gr
517,gfycat.com
518,seesaw.me
519,ameritrade.com
520,impress.co.jp
521,shein.com
522,saednews.com
523,varzesh3.com
524,outbrain.com
525,ria.ru
526,yixiin.com
527,livejournal.com
528,haofang.net
529,11st.co.kr
530,files.wordpress.com
531,google.az
532,58.com
533,youporn.com
534,dmm.co.jp
535,bankmellat.ir
536,typeform.com
537,att.com
538,theepochtimes.com
539,elpais.com
540,banggood.com
541,costco.com
542,youth.cn
543,kakaku.com
544,alodokter.com
545,spanishdict.com
546,segmentfault.com
547,seznam.cz
548,borna.news
549,lenta.ru
550,slickdeals.net
551,britannica.com
552,ih5.cn
553,wp.pl
554,constantcontact.com
555,citi.com
556,livedoor.jp
557,ameblo.jp
558,google.cl
559,springer.com
560,docusign.net
561,usatoday.com
562,bankofamerica.com
563,wellsfargo.com
564,librus.pl
565,figma.com
566,google.dz
567,agah.com
568,tahiamasr.com
569,eatthis.com
570,wondershare.com
571,ninisite.com
572,ivi.ru
573,olx.com.br
574,onet.pl
575,tandfonline.com
576,coupang.com
577,wt.tmall.com
578,nhk.or.jp
579,evernote.com
580,gds.it
581,cnbcindonesia.com
582,orange.fr
583,google.com.pk
584,indianexpress.com
585,gainreel.tmall.com
586,hm.com
587,donya-e-eqtesad.com
588,ultimate-guitar.com
589,libero.it
590,cdninstagram.com
591,ytmp3.cc
592,360doc.com
593,google.com.co
594,mfisp.com
595,ign.com
596,asriran.com
597,iyiou.com
598,sdamgia.ru
599,myworkday.com
600,usps.com
601,shouji.tmall.com
602,emofid.com
603,freshdesk.com
604,ouo.io
605,emol.com
606,socialblade.com
607,memurlar.net
608,elsevier.com
609,mileroticos.com
610,kissanime.ru
611,dhl.com
612,correios.com.br
613,playstation.com
614,trendingnow.video
615,runoob.com
616,intuit.com
617,digitaltrends.com
618,lenovo.com
619,storm.mg
620,jamnews.com
621,techradar.com
622,tripadvisor.com
623,kickstarter.com
624,timeanddate.com
625,msi.com
626,quizizz.com
627,strava.com
628,dw.com
629,focus.cn
630,asus.com
631,milliyet.com.tr
632,sozcu.com.tr
633,shimo.im
634,bhphotovideo.com
635,gusuwang.com
636,nanzhuang.tmall.com
637,langsha.tmall.com
638,lun.com
639,liansuo.com
640,elcomercio.com
641,consultant.ru
642,wiktionary.org
643,popads.net
644,crunchyroll.com
645,ku.tmall.com
646,ibm.com
647,ny.gov
648,marksandspencer.tmall.com
649,pchome.com.tw
650,gamespot.com
651,edx.org
652,mawdoo3.com
653,ibicn.com
654,livedoor.com
655,ceconline.com
656,mos.ru
657,new3c.tmall.com
658,book.tmall.com
659,chron.com
660,cyberleninka.ru
661,dafont.com
662,wpengine.com
663,laleggepertutti.it
664,olx.ua
665,shopee.vn
666,jb51.net
667,qualtrics.com
668,sports.tmall.com
669,wordpress.org
670,proiezionidiborsa.it
671,bmi.ir
672,tonlion.tmall.com
673,xe.com
674,goo.ne.jp
675,google.be
676,study.com
677,dikaiologitika.gr
678,medicalnewstoday.com
679,gucn.tmall.com
680,mbc.net
681,merriam-webster.com
682,rutracker.org
683,ebay.it
684,alicdn.com
685,laroza.tv
686,gmanetwork.com
687,watch.tmall.com
688,google.co.za
689,nanxie.tmall.com
690,imis.tmall.com
691,online-convert.com
692,toutiao.com
693,semir.tmall.com
694,zara.com
695,dawn.com
696,mega.nz
697,royalbank.com
698,prezi.com
699,shopee.com.my
700,wowkeren.com
701,esprit.tmall.com
702,feedly.com
703,wiley.com
704,entrepreneur.com
705,skroutz.gr
706,scofield.tmall.com
707,dailycaller.com
708,mseav.com
709,olx.pl
710,sabq.org
711,npr.org
712,powerbi.com
713,wegotthiscovered.com
714,amazon.com.au
715,teamviewer.com
716,republika.co.id
717,farfetch.com
718,nur.kz
719,emotionvideo-tv.com
720,etrade.com
721,redbubble.com
722,jw.org
723,linktr.ee
724,elwatannews.com
725,atlassian.net
726,nseindia.com
727,cnki.net
728,fairwhale.tmall.com
729,as.com
730,intel.com
731,resh.edu.ru
732,aofex.com
733,news18.com
734,baike.com
735,hoodsite.com
736,nicsorts-accarade.com
737,pinterest.co.uk
738,go.com
739,harvard.edu
740,jiameng.com
741,honeys.tmall.com
742,marca.com
743,gyazo.com
744,payu.in
745,westernjournal.com
746,howtogeek.com
747,51cto.com
748,coursehero.com
749,dictionary.com
750,repubblica.it
751,forever21.tmall.com
752,kolonsport.tmall.com
753,convertio.co
754,mofidonline.com
755,maniform.tmall.com
756,360.com
757,editor.wix.com
758,wowhead.com
759,nbcnews.com
760,urdupoint.com
761,rbc.ru
762,shopify.com
763,newegg.com
764,kompas.tv
765,donga.com
766,getpocket.com
767,verizon.com
768,tejaratnews.com
769,accuweather.com
770,hubspot.com
771,kahoot.it
772,nvxie.tmall.com
773,vseigru.net
774,biblegateway.com
775,europa.eu
776,oschina.net
777,pearson.com
778,dickies.tmall.com
779,gmarket.co.kr
780,eba.gov.tr
781,banma.com
782,jit.si
783,xero.com
784,pixlr.com
785,bitly.com
786,gongkong.com
787,redtube.com
788,dagospia.com
789,thefreedictionary.com
790,xianjichina.com
791,classinviredy.club
792,ebay.fr
793,zhiding.cn
794,pixiv.net
795,gamer.com.tw
796,jackjones.tmall.com
797,classdojo.com
798,css-tricks.com
799,chinachugui.com
800,hh.ru
801,123rf.com
802,lachapelle.tmall.com
803,yourdictionary.com
804,it168.com
805,9384.com
806,it.tmall.com
807,zhaopin.com
808,mi.com
809,huffpost.com
810,webinarjam.com
811,filehorse.com
812,urfs.tmall.com
813,dmm.com
814,service-now.com
815,autodesk.com
816,ptt.cc
817,epwk.com
818,kijiji.ca
819,cpic.com.cn
820,hollisterco.tmall.com
821,android.com
822,onlyfans.com
823,ea.com
824,telugu360.com
825,custhelp.com
826,jeanswest.tmall.com
827,lining.tmall.com
828,smartsheet.com
829,upwork.com
830,dalfak.com
831,ozon.ru
832,newtalk.tw
833,realsrv.com
834,seekingalpha.com
835,bancodevenezuela.com
836,www.gov.cn
837,livemint.com
838,noticias.uol.com.br
839,triumph.tmall.com
840,babyschool.com.cn
841,lafuma.tmall.com
842,t-online.de
843,douyu.com
844,google.com.my
845,friv.com
846,teacherspayteachers.com
847,superuser.com
848,vvvdj.com
849,cisco.com
850,taleo.net
851,inps.it
852,cnbeta.com
853,sci-hub.tw
854,threegun.tmall.com
855,basichouse.tmall.com
856,mosreg.ru
857,storage.googleapis.com
858,wp.com
859,w3school.com.cn
860,plurk.com
861,yournewtab.com
862,mynet.com
863,cmoney.tw
864,transferwise.com
865,iherb.com
866,kompasiana.com
867,depositphotos.com
868,jia.tmall.com
869,symbolab.com
870,fazenda.gov.br
871,freepik.es
872,chaduo.com
873,discoveryexpedition.tmall.com
874,cdiscount.com
875,kaskus.co.id
876,chinafloor.cn
877,car.tmall.com
878,rezka.ag
879,vtv.vn
880,smm.cn
881,chinayigui.com
882,iweihai.cn
883,joins.com
884,srvtrck.com
885,google.at
886,tsetmc.com
887,yeniakit.com.tr
888,mailchimp.com
889,jagran.com
890,brainly.lat
891,topflownews.com
892,folha.uol.com.br
893,to8to.com
894,themeforest.net
895,discover.com
896,akamaized.net
897,newbalance.tmall.com
898,banesconline.com
899,shahid4u.net
900,magazineluiza.com.br
901,bastillepost.com
902,axisbank.co.in
903,emalls.ir
904,baby.tmall.com
905,nalog.ru
906,rarbg.to
907,fidelity.com
908,edh.tw
909,earthmusic.tmall.com
910,kitco.com
911,bershka.tmall.com
912,septwolves.tmall.com
913,interia.pl
914,aizhan.com
915,paytm.com
916,techtudo.com.br
917,chinaweiyu.com
918,drom.ru
919,anta.tmall.com
920,usnews.com
921,bag.tmall.com
922,nairaland.com
923,thehindu.com
924,argaam.com
925,calvinklein.tmall.com
926,nownews.com
927,bhaskar.com
928,aweber.com
929,gridoto.com
930,torob.com
931,mayoclinic.org
932,19888.tv
933,creditonebank.com
934,peacebird.tmall.com
935,free.fr
936,hi.ru
937,sbisec.co.jp
938,eluniverso.com
939,seasonvar.ru
940,code.org
941,etoro.com
942,zalo.me
943,neobux.com
944,nasa.gov
945,dreamstime.com
946,flickr.com
947,uzone.id
948,eland.tmall.com
949,aastocks.com
950,morningpost.com.cn
951,haoyer.com
952,search-converter.com
953,maybank2u.com.my
954,yumpu.com
955,turnitin.com
956,sbrf.ru
957,bzw315.com
958,rsalcau.com
959,viva.co.id
960,kp.ru
961,ampugi334f.com
962,jhu.edu
963,mobafire.com
964,apache.org
965,mheducation.com
966,futbin.com
967,aftership.com
968,google.ch
969,house365.com
970,crhoy.com
971,xhamsterlive.com
972,laodong.vn
973,narvar.com
974,znanija.com
975,imooc.com
976,iliangcang.com
977,gearbest.com
978,chip.de
979,filmix.co
980,umeng.com
981,hsbc.com.hk
982,mercadolibre.com.ve
983,medianetto.com
984,legit.ng
985,exoclick.com
986,pexels.com
987,thewhizmarketing.com
988,haberturk.com
989,kinokrad.co
990,sehatq.com
991,boredpanda.com
992,pandora.com
993,abc.net.au
994,discogs.com
995,edunet.net
996,cu6.io
997,rokna.net
998,dai.tmall.com
999,kq36.com
1000,hk01.com
1001,jotform.com
1002,shopee.co.th
1003,drudgereport.com
1004,trontv.com
1005,doordash.com
1006,epfindia.gov.in
1007,elmogaz.com
1008,postlnk.com
1009,chinanetrank.com
1010,hltv.org
1011,khtahmar.com
1012,cabbeen.tmall.com
1013,zhcw.com
1014,newstracklive.com
1015,biosc.xyz
1016,kuronekoyamato.co.jp
1017,telegraph.co.uk
1018,eastmoney.com
1019,gap.com
1020,ipo.hk
1021,csdiran.com
1022,apkpure.com
1023,protonmail.com
1024,macys.com
1025,mercantilbanco.com
1026,myanimelist.net
1027,tinder.com
1028,world.tmall.com
1029,sf-express.com
1030,sitepoint.com
1031,eenadu.net
1032,mydramalist.com
1033,rottentomatoes.com
1034,lnkam.com
1035,gumroad.com
1036,overstock.com
1037,americanexpress.com
1038,4399.com
1039,xjtu.edu.cn
1040,google.ae
1041,rakuten-card.co.jp
1042,wowkorea.jp
1043,businessweekly.com.tw
1044,ruliweb.com
1045,jstor.org
1046,minecraft.net
1047,huawei.com
1048,vidio.com
1049,3dmgame.com
1050,instacart.com
1051,battle.net
1052,xabbs.com
1053,discuss.com.hk
1054,studopedia.ru
1055,bolasport.com
1056,hawaaworld.com
1057,subscene.com
1058,mosaiquefm.net
1059,jia400.com
1060,rappler.com
1061,urbandictionary.com
1062,ringcentral.com
1063,qiannaimei.tmall.com
1064,sfwaa.com
1065,cookpad.com
1066,zougla.gr
1067,ytimg.com
1068,vulcan.net.pl
1069,forgeofempires.com
1070,file-upload.com
1071,redgifs.com
1072,gofundme.com
1073,azureedge.net
1074,humblebundle.com
1075,sabah.com.tr
1076,asahi.com
1077,soft98.ir
1078,popdaily.com.tw
1079,un.org
1080,edupage.org
1081,sakshi.com
1082,huim.com
1083,informer.com
1084,creditchina.gov.cn
1085,manyvids.com
1086,enimerotiko.gr
1087,selfridges.com
1088,91jm.com
1089,lemonde.fr
1090,pantip.com
1091,allrecipes.com
1092,google.nl
1093,ebssw.kr
1094,stanford.edu
1095,sdownload.net
1096,bild.de
1097,v2ex.com
1098,126.com
1099,wwmiox.xyz
1100,gongchang.com
1101,258.com
1102,cofeed.com
1103,kohls.com
1104,itmedia.co.jp
1105,usbank.com
1106,shomanews.com
1107,trulia.com
1108,ukr.net
1109,nature.com
1110,dreamjob.ma
1111,creativemarket.com
1112,elmundo.es
1113,nyaa.si
1114,ynet.co.il
1115,alarabiya.net
1116,commbank.com.au
1117,blizzard.com
1118,spiegel.de
1119,gjirafa.com
1120,pinterest.es
1121,nvidia.com
1122,motor1.com
1123,verizonwireless.com
1124,realestate.com.au
1125,vectorstock.com
1126,sapo.pt
1127,mirconnect.ru
1128,pirate-bay.net
1129,myntra.com
1130,viu.com
1131,icloud.com
1132,eee114.com
1133,mercadolibre.com
1134,topshop.tmall.com
1135,winshang.com
1136,lotterypost.com
1137,www.gob.mx
1138,sputniknews.com
1139,adoptapet.com
1140,dcinside.com
1141,home77.com
1142,kizlarsoruyor.com
1143,javatpoint.com
1144,zarinpal.com
1145,secureserver.net
1146,pcbaby.com.cn
1147,inquisitr.com
1148,about.google
1149,impots.gouv.fr
1150,users.wix.com
1151,cbc.ca
1152,thewhizproducts.com
1153,ssl-images-amazon.com
1154,sarkariresult.com
1155,python.org
1156,clarin.com
1157,yjc.ir
1158,beeg.com
1159,afip.gob.ar
1160,live.net
1161,addthis.com
1162,sharestzytef.club
1163,businesstoday.com.tw
1164,grooksom.com
1165,thethao247.vn
1166,ted.com
1167,ojooo.com
1168,justdial.com
1169,tempo.co
1170,kinogo.by
1171,znds.com
1172,manganelo.com
1173,myworkdayjobs.com
1174,getadblock.com
1175,uptobox.com
1176,yelp.com
1177,gangde.net
1178,getintopc.com
1179,rei.com
1180,lapatilla.com
1181,news.com.au
1182,lanacion.com.ar
1183,protagonista.com.co
1184,youku.com
1185,nation.co.ke
1186,docin.com
1187,poki.com
1188,tci.ir
1189,tweaktown.com
1190,cybozu.com
1191,stripchat.com
1192,wsj.com
1193,zingnews.vn
1194,ed.gov
1195,flightradar24.com
1196,brainly.com.br
1197,pikabu.ru
1198,rbcroyalbank.com
1199,gazeta.ru
1200,olx.in
1201,epochtimes.com
1202,adf.ly
1203,99114.com
1204,elyamnelaraby.com
1205,oneindia.com
1206,jpmorganchase.com
1207,apartments.com
1208,collinsdictionary.com
1209,bloomberg.com
1210,blog.ir
1211,alarab.com
1212,independent.co.uk
1213,1111.com.tw
1214,skrill.com
1215,doc88.com
1216,hugedomains.com
1217,samanese.ir
1218,aa.com.tr
1219,cint.com
1220,crentgate.com
1221,lazada.co.th
1222,las2orillas.co
1223,jooble.org
1224,finviz.com
1225,riotgames.com
1226,bandcamp.com
1227,auth0.com
1228,chinamenwang.com
1229,neoldu.com
1230,blackhatworld.com
1231,aarth.net
1232,ccleaner.com
1233,onlinekhabar.com
1234,forexfactory.com
1235,semanticscholar.org
1236,avaz.ba
1237,acesso.gov.br
1238,getresponse.com
1239,warcraftlogs.com
1240,elbilad.net
1241,fbdown.net
1242,windows.net
1243,listindiario.com
1244,ft.com
1245,baskino.me
1246,pelisplus.me
1247,canadapost.ca
1248,tdameritrade.com
1249,blogfa.com
1250,boc.cn
1251,parlgate.com
1252,google.hu
1253,hostgator.com.br
1254,piliapp.com
1255,yektanet.com
1256,ifeng.com
1257,viewlnk.com
1258,greatandhra.com
1259,4chan.org
1260,amazon.com.mx
1261,jkforum.net
1262,auction.co.kr
1263,sxyprn.com
1264,4channel.org
1265,japanpost.jp
1266,abc.es
1267,pornhubpremium.com
1268,onelogin.com
1269,allocine.fr
1270,bb.com.br
1271,yenisafak.com
1272,720vt.com
1273,artstation.com
1274,36kr.com
1275,zhibo8.cc
1276,avast.com
1277,b-ok.cc
1278,rencaijob.com
1279,adbtc.top
1280,etherscan.io
1281,tut.by
1282,people.com.cn
1283,lazada.com.my
1284,terra.com.br
1285,waveapps.com
1286,bluestacks.com
1287,anydesk.com
1288,weixinyunduan.com
1289,dream.co.id
1290,business.site
1291,mehrnews.com
1292,akwam.net
1293,jagodangdut.com
1294,airtel.in
1295,khabarpu.com
1296,google.pt
1297,multiurok.ru
1298,abcnews.go.com
1299,disqus.com
1300,windowsazure.com
1301,ubisoft.com
1302,akurat.co
1303,yijiadh.com
1304,bestlifeonline.com
1305,lieyunwang.com
1306,schwab.com
1307,plex.tv
1308,te.eg
1309,scotiabank.com
1310,cima4u.io
1311,yna.co.kr
1312,4solo.biz
1313,pole-emploi.fr
1314,takealot.com
1315,brstej.com
1316,vice.com
1317,prom.ua
1318,thinkific.com
1319,ancestry.com
1320,backlog.jp
1321,codecademy.com
1322,askubuntu.com
1323,insider.com
1324,microsoftstream.com
1325,sworld.co.uk
1326,asana.com
1327,made-in-china.com
1328,on24.com
1329,mindmeister.com
1330,nhentai.net
1331,rakuten-sec.co.jp
1332,ahlmasrnews.com
1333,joinhoney.com
1334,vecteezy.com
1335,linguee.com
1336,jnu.edu.cn
1337,alsbbora.info
1338,biggo.com.tw
1339,clien.net
1340,lavanguardia.com
1341,idealo.de
1342,5ch.net
1343,cnzz.com
1344,videouroki.net
1345,internetdownloadmanager.com
1346,indosport.com
1347,monografias.com
1348,lifewire.com
1349,google.co.il
1350,cointelegraph.com
1351,google.com.ph
1352,3sk.io
1353,people.com
1354,miro.com
1355,haberzamani.com
1356,4shared.com
1357,chaoxing.com
1358,chsi.com.cn
1359,glassdoor.com
1360,books.com.tw
1361,tiki.vn
1362,rg.ru
1363,instamojo.com
1364,redfin.com
1365,jetbrains.com
1366,gtmetrix.com
1367,express.pk
1368,nexon.com
1369,stocktwits.com
1370,y8.com
1371,google.se
1372,fbsbx.com
1373,lazada.com.ph
1374,politico.com
1375,pcgamer.com
1376,udacity.com
1377,jagranjosh.com
1378,liquipedia.net
1379,sakura.ne.jp
1380,sonyentertainmentnetwork.com
1381,laposte.fr
1382,sap.com
1383,mobile.de
1384,cyol.com
1385,billdesk.com
1386,akhbarelyom.com
1387,cra-arc.gc.ca
1388,uploaded.net
1389,glosbe.com
1390,zoomit.ir
1391,autotrader.com
1392,www.gov.uk
1393,cryptobrowser.site
1394,clips4sale.com
1395,byjus.com
1396,eghtesadonline.com
1397,getfvid.com
1398,deezer.com
1399,zcool.com.cn
1400,wordhippo.com
1401,g2a.com
1402,sporx.com
1403,diariolibre.com
1404,szu.edu.cn
1405,criteo.com
1406,ieee.org
1407,alwakeelnews.com
1408,eljur.ru
1409,cargurus.com
1410,andhrajyothy.com
1411,oxu.az
1412,narcity.com
1413,abril.com.br
1414,motorplus-online.com
1415,mxc.com
1416,drive2.ru
1417,makeleio.gr
1418,dianping.com
1419,binance.com
1420,engadget.com
1421,psychologytoday.com
1422,todoist.com
1423,boohoo.com
1424,meituan.com
1425,elsalvador.com
1426,envato.com
1427,brainly.in
1428,dailypost.ng
1429,wrike.com
1430,thoughtco.com
1431,privatbank.ua
1432,worldoftanks.ru
1433,chosun.com
1434,newsmth.net
1435,faradars.org
1436,wired.com
1437,mxplayer.in
1438,idnes.cz
1439,123movies.la
1440,donanimhaber.com
1441,theatlantic.com
1442,gazetaexpress.com
1443,corriere.it
1444,nintendo.com
1445,mercadolivre.com
1446,dickssportinggoods.com
1447,anjuke.com
1448,rapidgator.net
1449,appledaily.com
1450,cfsbcn.com
1451,alsolta.net
1452,ebay.ca
1453,mabanque.bnpparibas
1454,chinatimes.com
1455,usaa.com
1456,vivo.sx
1457,elconfidencial.com
1458,enamad.ir
1459,xbox.com
1460,rollingstone.com
1461,opensooq.com
1462,ziprecruiter.com
1463,streamyard.com
1464,khaberni.com
1465,ijiandao.com
1466,kissasian.sh
1467,kidsa-z.com
1468,crazygames.com
1469,cloudflare.com
1470,renren.com
1471,nationalgeographic.com
1472,walmart.ca
1473,towardsdatascience.com
1474,e-hentai.org
1475,rtl-theme.com
1476,oup.com
1477,filehippo.com
1478,copts-united.com
1479,blog.jp
1480,makeuseof.com
1481,express.dhl
1482,klikbca.com
1483,cuevana3.io
1484,tasnimnews.com
1485,xm.com
1486,cna.com.tw
1487,rapidtables.com
1488,jeuxvideo.com
1489,google.sk
1490,leetcode.com
1491,windy.com
1492,unreshiramor.com
1493,lefigaro.fr
1494,spaggiari.eu
1495,52pojie.cn
1496,uidai.gov.in
1497,zappos.com
1498,duniagames.co.id
1499,marriott.com
1500,avg.com
1501,walkerland.com.tw
1502,guru99.com
1503,t-mobile.com
1504,auspost.com.au
1505,accenture.com
1506,soy502.com
1507,yes206.com
1508,indiegogo.com
1509,mk.ru
1510,serverfault.com
1511,biglobe.ne.jp
1512,dantri.com.vn
1513,gettyimages.com
1514,dndbeyond.com
1515,ucoz.ru
1516,yammer.com
1517,daftsex.com
1518,zaful.com
1519,bicentenariobu.com
1520,novinky.cz
1521,haberler.com
1522,chinabm.cn
1523,juntadeandalucia.es
1524,weblio.jp
1525,sfgate.com
1526,shopee.ph
1527,bollywoodshaadis.com
1528,etnet.com.hk
1529,ruten.com.tw
1530,poshmark.com
1531,fullhdfilmizlesene.com
1532,searchmulty.com
1533,cutestat.com
1534,bibox.com
1535,okex.com
1536,itau.com.br
1537,presslogic.com
1538,google.kz
1539,wa.gov
1540,cnwnews.com
1541,wunderground.com
1542,duba.com
1543,aksam.com.tr
1544,google.cz
1545,over-blog.com
1546,720pizle.org
1547,sony.com
1548,vanguard.com
1549,chinadd.cn
1550,robinhood.com
1551,alwatanvoice.com
1552,thealterforce.com
1553,zomato.com
1554,okaz.com.sa
1555,visualstudio.com
1556,webtoons.com
1557,8movierulz.ms
1558,pinterest.com.mx
1559,alaraby.co.uk
1560,timesnownews.com
1561,arabi21.com
1562,checking-your-browser.com
1563,icicidirect.com
1564,monbin.site
1565,slader.com
1566,fb.ru
1567,gogoanime.io
1568,tsichuan.com
1569,calculator.net
1570,fararu.com
1571,fnb.co.za
1572,hostgator.com
1573,att.net
1574,allbest.ru
1575,pnc.com
1576,cvs.com
1577,ems.com.cn
1578,clever.com
1579,office.net
1580,bytefence.com
1581,chinaunix.net
1582,state.tx.us
1583,atlassian.com
1584,coinmarketcap.com
1585,pastebin.com
1586,bluehost.com
1587,shutterfly.com
1588,sdpnoticias.com
1589,opera.com
1590,google.lk
1591,bleacherreport.com
1592,popbela.com
1593,nerdwallet.com
1594,codeproject.com
1595,beauty321.com
1596,myfitnesspal.com
1597,haber7.com
1598,gazeta.pl
1599,submarino.com.br
1600,powerapp.download
1601,bashgah.com
1602,y2mate.guru
1603,sudannews365.org
1604,turbo.az
1605,tamin.ir
1606,bonouniversalfamiliar.pe
1607,nordstrom.com
1608,archdaily.com
1609,instructables.com
1610,9978.cn
1611,thingiverse.com
1612,24h.com.vn
1613,screencast-o-matic.com
1614,parcoursup.fr
1615,axioscloud.it
1616,google.com.bd
1617,ggpht.com
1618,thebalancecareers.com
1619,gizmodo.com
1620,campograndenews.com.br
1621,kemdikbud.go.id
1622,bedbathandbeyond.com
1623,streamlabs.com
1624,9lianmeng.com
1625,minuto30.com
1626,9r.cn
1627,ppomppu.co.kr
1628,kino-teatr.ru
1629,rozetka.com.ua
1630,tgju.org
1631,gdz.ru
1632,picuki.com
1633,panet.co.il
1634,tim.it
1635,mainichi.jp
1636,cars.com
1637,samsclub.com
1638,fehobmasr.com
1639,docker.com
1640,yandex.net
1641,marinetraffic.com
1642,getcourse.ru
1643,note.com
1644,sketchup.com
1645,datacamp.com
1646,parsfootball.com
1647,themeisle.com
1648,enstage-sas.com
1649,kahoot.com
1650,wiocha.pl
1651,isna.ir
1652,gencat.cat
1653,rasadvarzeshi.com
1654,lentainform.com
1655,vmware.com
1656,yemek.com
1657,habr.com
1658,elamwal.com
1659,badoo.com
1660,tomsguide.com
1661,provincial.com
1662,1fichier.com
1663,labirint.ru
1664,xgo.com.cn
1665,fudan.edu.cn
1666,rahavard365.com
1667,aljazeera.com
1668,jumia.com.ng
1669,justwatch.com
1670,gamersky.com
1671,pcpartpicker.com
1672,dzone.com
1673,afreecatv.com
1674,garant.ru
1675,qafqazinfo.az
1676,google.com.ly
1677,rakuten.com
1678,jimdofree.com
1679,nate.com
1680,leagueoflegends.com
1681,ixl.com
1682,66cruises.com
1683,chinagate.cn
1684,theverge.com
1685,dramacool.movie
1686,farsnews.ir
1687,wordwall.net
1688,hbr.org
1689,polygon.com
1690,2gis.ru
1691,fosta-tv.com
1692,leroymerlin.ru
1693,matamata.com
1694,kontan.co.id
1695,jumia.ma
1696,olx.ro
1697,zerohedge.com
1698,wikiwand.com
1699,google.co.ma
1700,mydrivers.com
1701,vrbo.com
1702,daraz.pk
1703,pbs.org
1704,torrentz2.eu
1705,sat.gob.mx
1706,colorado.edu
1707,irna.ir
1708,yr.no
1709,abplive.com
1710,tatar.ru
1711,myfreecams.com
1712,sheypoor.com
1713,farfeshplus.com
1714,yomiuri.co.jp
1715,lg.com
1716,java.com
1717,seek.com.au
1718,movieweb.com
1719,registronacionaldehogares.pe
1720,snapdeal.com
1721,arcot.com
1722,lankasri.com
1723,coinsbit.io
1724,edim.co
1725,hotels.com
1726,zdf.de
1727,unrealengine.com
1728,nbg.gr
1729,meb.gov.tr
1730,express.co.uk
1731,feebee.com.tw
1732,calculatorsoup.com
1733,bestbuy.ca
1734,lucidchart.com
1735,search-hd.com
1736,malavida.com
1737,westernunion.com
1738,onlinedown.net
1739,weschool.com
1740,goodhousekeeping.com
1741,pdffiller.com
1742,swagbucks.com
1743,adidas.com
1744,ghanaweb.com
1745,motorsport.com
1746,bd-pratidin.com
1747,xmtrading.com
1748,watchit.com
1749,eventbrite.com
1750,winbank.gr
1751,arxiv.org
1752,gaana.com
1753,myflixer.to
1754,tap.az
1755,shopee.sg
1756,arabseed.net
1757,dummies.com
1758,topfo.com
1759,azlyrics.com
1760,caliente.mx
1761,noaa.gov
1762,yoox.com
1763,simpleflying.com
1764,amazon.jobs
1765,virgilio.it
1766,perfectmoney.com
1767,dytt8.net
1768,vmall.com
1769,kenh14.vn
1770,mathworks.com
1771,poste.it
1772,313.cn
1773,narod.ru
1774,startpage.com
1775,gsis.gr
1776,walgreens.com
1777,vox.com
1778,nat.gov.tw
1779,mybuzz.fun
1780,jc35.com
1781,sejam.ir
1782,abv.bg
1783,otto.de
1784,chuandong.com
1785,vashurok.ru
1786,gayboystube.com
1787,ato.gov.au
1788,estadao.com.br
1789,le360.ma
1790,sanook.com
1791,ellitoral.com
1792,prnt.sc
1793,weather.gov
1794,state.gov
1795,lazada.vn
1796,lhy999.com
1797,ig.com
1798,almubasher.com.sa
1799,tmon.co.kr
1800,wangdaidongfang.com
1801,sagepub.com
1802,setare.com
1803,doramy.club
1804,howstuffworks.com
1805,casetify.com
1806,unity3d.com
1807,gigafile.nu
1808,kapwing.com
1809,olx.com.pk
1810,yggtorrent.se
1811,clear.com.br
1812,echo.msk.ru
1813,brainly.co.id
1814,pochta.ru
1815,kommersant.ru
1816,forms.gle
1817,e-taxes.gov.az
1818,tagged.com
1819,bbwhf.com
1820,antaranews.com
1821,hh010.com
1822,tp-link.com
1823,nsw.gov.au
1824,weibo.cn
1825,tower.im
1826,audible.com
1827,dynamics.com
1828,zazzle.com
1829,olx.com.eg
1830,punchng.com
1831,grubhub.com
1832,toppr.com
1833,postermywall.com
1834,gumtree.com.au
1835,ck12.org
1836,my.gov.au
1837,masrawy.com
1838,batds.net
1839,hao245.com
1840,unam.mx
1841,n-tv.de
1842,cian.ru
1843,dstv.com
1844,royalmail.com
1845,popcash.net
1846,mathsisfun.com
1847,valuecommerce.com
1848,articlix.com
1849,mcafee.com
1850,zeit.de
1851,indiaglitz.com
1852,tube8.com
1853,amd.com
1854,binomoworld.com
1855,unacademy.com
1856,eyny.com
1857,99designs.com
1858,jio.com
1859,efukt.com
1860,scmp.com
1861,fotor.com
1862,xhamster3.desi
1863,ithome.com
1864,18183.com
1865,ultimatix.net
1866,imagefap.com
1867,thesun.co.uk
1868,cibc.com
1869,1377x.to
1870,caixabank.es
1871,answers.com
1872,brainly.com
1873,cmbchina.com
1874,kalerkantho.com
1875,nic.ir
1876,eshkol.io
1877,foodnetwork.com
1878,time.ir
1879,tmtpost.com
1880,jxmall.com
1881,lamabang.com
1882,zhaket.com
1883,hindustantimes.com
1884,telugustop.com
1885,familydoctor.com.cn
1886,anses.gob.ar
1887,5acbd.com
1888,thehill.com
1889,infomoney.com.br
1890,nexusmods.com
1891,theconversation.com
1892,bola.net
1893,chetor.com
1894,google.rs
1895,nessma.tv
1896,zhixing123.cn
1897,unext.jp
1898,fobshanghai.com
1899,wangzhuanz.com
1900,sina.cn
1901,sonora.id
1902,brightside.me
1903,variety.com
1904,flvto.biz
1905,searchmes.xyz
1906,inews.id
1907,wistia.com
1908,meaww.com
1909,fool.com
1910,photo-ac.com
1911,zamzar.com
1912,pinterest.de
1913,wkzf.com
1914,garmin.com
1915,curseforge.com
1916,odoo.com
1917,navercorp.com
1918,cleanpng.com
1919,win-rar.com
1920,caf.fr
1921,wuxiaworld.com
1922,1plus1tv.ru
1923,livescience.com
1924,ip138.com
1925,getepic.com
1926,easeus.com
1927,laprensagrafica.com
1928,smallseotools.com
1929,intipseleb.com
1930,reactjs.org
1931,bisnis.com
1932,hangseng.com
1933,alanba.com.kw
1934,luisaviaroma.com
1935,firefoxchina.cn
1936,academic.ru
1937,zol.com.cn
1938,gulfnews.com
1939,gadgetsnow.com
1940,onedio.com
1941,tesla.com
1942,letgo.com
1943,gog.com
1944,ennaharonline.com
1945,orf.at
1946,post.ir
1947,bpi.ir
1948,absher.sa
1949,oeeee.com
1950,netteller.com
1951,chinaswitch.com
1952,welt.de
1953,gamestop.com
1954,namava.ir
1955,houzz.com
1956,ebrun.com
1957,nrk.no
1958,bitrix24.com
1959,iranserver.com
1960,gva.es
1961,jiji.com
1962,youjizz.com
1963,bmo.com
1964,psu.edu
1965,teachable.com
1966,telekom.com
1967,mvideo.ru
1968,chinajsq.cn
1969,eqxiu.com
1970,crictracker.com
1971,rasadeghtesadi.com
1972,digiato.com
1973,pojoksatu.id
1974,inven.co.kr
1975,buy123.com.tw
1976,pdfdrive.com
1977,tass.ru
1978,sch.gr
1979,myspace.com
1980,tarafdari.com
1981,otzovik.com
1982,eltiempo.com
1983,xiami.com
1984,ultipro.com
1985,kabum.com.br
1986,mangakakalot.com
1987,upstox.com
1988,syosetu.com
1989,cqhot.cn
1990,cinecalidad.to
1991,archiveofourown.org
1992,iz.ru
1993,privat24.ua
1994,cardinalcommerce.com
1995,ibb.co
1996,fresherslive.com
1997,workable.com
1998,emag.ro
1999,inep.gov.br
2000,mizuhobank.co.jp
