domain,resolves
nbrmungojjggt.bid,False
emegbthex.bid,False
yeonenukejm.bid,False
lijopsda09.org,True
rmdzbqggjskv.com,False
qwqqliynxufj.com,False
egzlqkjhm.bid,False
dgbhmpumhxy.bid,False
rbnicxyh.bid,False
zcqaztillrmmqu.bid,False
rampackshop.com.br,False
pagecloud.com,True
randomizedsoulz.com,False
rtxunghyiwiq.com,False
rimct.com,True
rsvxipjqyvfs.com,False
gbnwjjxb.bid,False
yxghdgwi.bid,False
ruzttiecdedv.com,False
deloplen.com,True
r8nu86wg.me,False
peggziuzk.bid,False
yrvrppewe.bid,False
clomggnzxsyf.bid,False
web-prod-3fab4a-1499954829-1392918184.eu-west-1.elb.amazonaws.com,True
rigtec.biz,False
mdgupvvdjpafyl.bid,False
panelfretbbuiewnwdkhjg888333.com.tw,True
rnyuhkbucgun.com,False
sgy.ru,False
jzxlkhaugzuaqm.bid,False
sherwoodcommunityclassifieds.com,False
anasjdzutdmv.com,False
gemius.pl,True
dueybqnkkhzdh.bid,False
jqdfakgwsxvccl.bid,False
mlrocrzhrgbyi.bid,False
dodegomxh.bid,False
nvwpybcjpzohoz.bid,False
kwovwwkevyu.bid,False
uuacjdostjloa.bid,False
ronaldyeihom.net,False
reservedoffers.club,False
umjdbaog.bid,False
uaclvtrcno.bid,False
lxyjnqpbk.bid,False
eunysqxppf.bid,False
jinanlingshi.com,False
gynhbuspeiud.bid,False
sillyjayzero.crabdance.com,True
thescarts.name,True
0aqpqdju.me,False
insane.ir,False
pixietoon.com,True
tjkckpytpnje.com,True
jotformeu.com,True
jijcetagjfzo.com,False
niematego.tk,True
azqmmfhmfnpsvb.bid,False
siteverification.site,False
qzadueyzyto.bid,False
littjohnwilhap.ru,False
hnuhqaslqaqtb.bid,False
avditmiohvtq.bid,False
aubrythgmge.bid,False
chadikaysora.com,False
joqpatxugyug.com,False
polettishirts.ro,True
jmbhyqijqhxk.com,True
instantconfirm.com,True
insight.gm,True
hhdbbixxs.bid,False
sitey.me,False
tgdlekikqbdc.com,False
thanhdatconstruction.com,True
advlrtr1.com,False
eduardodev.com,True
skemvideo10.co.uk,True
webmailupgrade.pw,False
webdata.x10.mx,False
webmine.cz,True
uvffdmlqwmha.com,False
vagttuyfeuij.com,False
waterfilter.in.ua,True
web.servebeer.com,True
rioamazonas.ru,True
sailznsgbygz.com,False
secessie.nu,True
9553.com,True
fhzgapsfnlsvx.bid,False
ekdamsibldrg.bid,False
www.linaoxue.com,False
webmailboxcleanup.form2pay.com,True
avualrhg9p.bid,False
autoescuelaalba.com,True
mail2webmaster.com,True
rbuowrinsjsx.com,False
vostok-consult.ru,True
aggntknflhal.com,False
webmail-upgrade.pw,False
webmailu.pw,False
weekwkbulvsy.com,False
vl8c4g7tmo.me,False
wglbionuopeh.com,False
urpscavikbyv.com,False
us-east-1.route-1.000webhost.awex.io,True
ahwjxktemuyz.com,False
anvskelwpvvmtg.bid,False
pkucwwgcnuxzo.bid,False
www.strbrst.net,True
asvoxod.ru,False
aservices.party,False
8jd2lfsq.me,False
rpslkvzymrddjp.bid,False
qhlwqzntlwvbf.bid,False
vg02h8z1ul.me,False
savefresh.ru,True
wtxoicsjxbsj.com,False
anyfiles.ovh,False
aotrcqegtfhlaw.bid,False
qzcpotzdkfyn.com,False
ariodtalk.com,True
www.kokko-art.com.pl,False
adfpkxvaqeyj.com,False
kmveerigfvyy.com,False
hubvotrpjios.com,True
wpvvlwprfbtm.com,False
asmanijadu.com,False
raossycpodtr.bid,False
cryptown.netlify.com,True
royalsparktrading.com,False
witthethim.com,False
asiansexyshemales.com,True
ait7ee.win,False
aclsqdpgeaik.com,False
smjdypbxapigu.bid,False
qsknevegg.bid,False
architettoandreoni.it,True
lqw.me,True
sagukjshgifebs.bid,False
qqztmozc.bid,False
www.amzonmoney.com,False
synchro.ignorelist.com,True
anysnare.us,True
livelyoffers.club,False
arxerlxllv.bid,False
aqkujuggztyn.bid,False
apwtlkkd.bid,False
babybees.vn,True
avalancheclub.ro,False
barflyghlcdj.website,False
tocotlkfjo.bid,False
ammqwpksb.bid,False
tdxqgpfkiye.bid,False
tdgysmmdru.bid,False
rhhhbdhxpmrral.bid,False
nvcwvcmwdjgjyu.bid,False
mrvzisfsrvs.bid,False
94782.8b.io,True
freecontent.com,True
xicuxxferbnn.com,False
xiaoji001.com,True
amhpbhyxfgvd.com,True
bjorksta.men,False
blog.cat,True
ihriduffgkel.com,False
oickwqmwerbnq.bid,False
atvforum.ro,True
wp-monero-miner.de,True
bgpxrwjrbsjb.com,False
iisl7wpf.me,False
tnbgycckfv.bid,False
apmkcdsnv.bid,False
amjbzzicysu.bid,False
tdsnpnyg.bid,False
xcukrfpchsxn.com,False
analytics.blue,True
bajto.pl,False
www.undefined-crew.co.cc,True
www.soucker.com,True
iijmodcvlwfk.com,False
aqtnrnuhqfaf.bid,False
ampnkoudpnd.bid,False
tefwraudu.bid,False
tdrmyefiig.bid,False
tckmsixzb.bid,False
ihtatthazitg.bid,False
balkonyrai.ru,True
coinhiv.com,False
tlnrlrsquvcx.bid,False
swfqsfewk.bid,False
boardstallrack.com,False
tgrxxuwpvinoiy.bid,False
ahvnvtxbk.bid,False
agzupwcefbjol.bid,False
mdpjnppsbjv.bid,False
szrojfkigof.bid,False
swclpfypife.bid,False
coinlab.biz,False
oaogilidstvm.bid,False
pmecfluqpkwjg.bid,False
ludwmwca.bid,False
lovdkmqvoc.bid,False
servicespaypal.be,False
coinhiver.com,True
coinhive-proxy.party,False
coinhive.net,True
ihgkmgwfhjam.com,False
igg.biz,True
abuuvohpzlcrp.bid,False
abunmrqsbfn.bid,False
igawfxfnupeb.com,False
ieoexdjxrwtq.com,False
tbogddyfxl.bid,False
afpisdddjik.bid,False
nthssedj.bid,False
salam-tv.com,False
rdlynbosndvx.com,False
akovcxrklaq.bid,False
notqlzafzch.bid,False
mbflncteg.bid,False
azkvcgzjsrmk.com,False
aemhabst.bid,False
sxvqdslmbqyk.bid,False
swykcpfxkqvg.bid,False
au1-gate.net,False
5gbfree.com,True
vtijuhpxlkoq.bid,False
ioitfufxdsxtq.bid,False
adancingthiead.com,False
adofuokjj.bid,False
ihre-anwaltskanzlei.com,True
88988.com.tw,True
cstdfxkxbqbc.com,False
crystaltelecommunication.com,False
htonrwegnifw.com,False
evlvaulglzpu.com,False
hrkshoveizfo.com,False
yixi123.com,False
www.carnesviba.com,True
ezjrnbpjthir.com,False
gzqccijroe.bid,False
gkyblmfggpyq.bid,False
ichess.net,True
aba.ae,True
fge9vbrzwt.bid,False
duowork.kz,False
llil.nl,False
epernepojkle.com,False
fpslcnjecewd.com,False
openkatalog.com,True
drdae.biz,False
localh0st.info,True
ffpkqjyvvneg.com,False
ezemyudhkzvx.com,False
cryptonoter.com,True
aapxtnrhq.bid,False
fcbtexas.org,False
domainhelp-upgrade.net,False
hxkanryhktub.com,False
ssowfsbps.bid,False
d-ns.ga,False
dhomixidnkas.com,False
derekandtessa.com,False
ewgtanybkkch.com,False
ssmklfrn.bid,False
sqmeqfffehg.bid,False
sqcqnwykz.bid,False
lewd.ninja,True
gus.host,True
eccycle.com.br,False
flymeawayvacation.com,True
ajmyrtdiwvg.bid,False
lqpkjasgqjve.com,True
ofmuojegzbxo.com,False
brnsounds.cc,True
hklyzmspvqjh.com,False
hometostaypa.com,True
nxcxithvcoeh.com,True
pool.minexmr.com,True
HDRedirect-LB3-890977680.us-east-1.elb.amazonaws.com,False
fpzbox.com,True
webnode.com,True
aad1f4acb0a373420d9b0c4202d38d94fa.com,False
buceriasvacation.com,True
xuhktijdskah.com,False
firmsecurecurrent.com,False
tlijmtzosfhdsz.bid,False
bvreosoejjt.bid,False
ffhwzaenzoue.com,True
tbisruladc.bid,False
totalcaretz.com,True
cristopherboyer.com,True
bvhzswlde.bid,False
d1e1rbybdt265x.cloudfront.net,True
favoritopilodjd.com,True
3gdl.tcdn.qq.com,True
supendose.uk.com,True
csusmedu.webs.com,True
marcoviti.net,True
crypto-loot.com,True
xgmc6lu8fs.me,False
eeb2.be,True
itt-pushkino.org,False
iwmonrwpeeku.com,False
nbqbuqezie.bid,False
iweacndqhiht.com,False
hostingguru.info,True
pageindustries.net,True
personnalassistantforms.yolasite.com,True
bentom.ru,True
lcpqoewrzuxh.com,False
jatkcmpxhbba.com,False
ivkasohqerzl.com,False
iscaebizkzyd.com,False
intactoffers.club,True
mkceizyfjmmq.com,False
xjrjgfns.bid,False
itbs.com.pk,True
mmaigzevcfws.com,False
minr.pw,True
polovinkajfie.com,True
ncdxfwxijazn.com,False
krxpudrzyvko.com,False
lafuerzablanca.com,True
minerclaim.net,True
kknwvfdzyqzj.com,False
minerjet.com,True
xyvjknwxwtf.bid,False
xonrbvtejfy.bid,False
cnnzfijy.bid,False
lassoles.com,False
mariogalarza.com,True
lyonsboats.co.uk,True
pr0gramm.com,True
mkpdquuxcnhl.com,False
ynbymadjbgoo.bid,False
app.securitydns.net,True
zylokfmgrtzv.com,False
techfactory.pk,False
kissak.com,True
bwbbcdkkocx.bid,False
ledhenone.com,True
formlets.com,True
mmknsfgqxxsg.com,False
mylinegroup.com,True
cc.kandek.com,True
highendrecruiting.com,True
pascal3.science,False
ns4.thepicturehut.net,False
ncspvnslmmbv.com,False
nbmffortfyyg.com,False
navratridresses.com,True
ydujmccmydwu.bid,False
ycxpmdwail.bid,False
boncaldos.com,True
nitsche.top,False
cvhpuccaib.bid,False
clonsvyhy.bid,False
yizbtofi.bid,False
cjbaeegayainxl.bid,False
zwbyxaojzxc.bid,False
cdtojdrhoc.bid,False
ypmdszuxupnxk.bid,False
ylsbuudmpiks.bid,False
ydzbxtld.bid,False
nceuiwtnpyuqtn.bid,False
ktnhelpdesk.co.nf,True
cfcdist.gdn,False
nedmppiilnld.com,True
yqmnyyfe.bid,False
ypcuhmevrq.bid,False
zhtcuchr.bid,False
yhnwofsz.bid,False
yhcxzccnlvm.bid,False
chuvzwxbpf.bid,False
ybspoverfo.bid,False
xyiawbjnajcm.bid,False
buyakabuyaka.kiev.ua,True
mail.saglikpersoneli.net,False
playercdn.net,True
plquutxxewil.com,False
noblock.pro,True
ydqcdaqbmfedv.bid,False
befirstcdn.com,True
oyrgxjuvsedi.com,False
puc.ac.bd,True
btkaoblylg.bid,False
zeuwuxfzvaoqp.bid,False
bisericaharularadgai.ro,True
baiduccdn1.com,True
pa55word-reset.unail.biz,True
cosiloon.com,True
ogegqayudrypc.bid,False
s2gmmwq.sitelockcdn.net,True
zwcuvwssfydj.com,False
xmrm.pw,False
qqbyfhlctzty.com,False
qlugrmjsncbe.com,False
ptvjsyfayezb.com,False
wonvagfv.bid,False
btsimocheozy.bid,False
noonshdnkt.bid,False
njvpulnxjzhhf.bid,False
bslqjxmltuel.bid,False
xhmakwcpmg.bid,False
ndpxcdodtjhfv.bid,False
oubriojtpnps.com,False
nocwsbtdiiufa.bid,False
orodeglidei.it,False
zjemch.ru,False
yqutkbvrgvar.com,False
xuwxbdafults.com,False
xkwnadxakuqc.com,False
qklhtphiphni.com,False
btpgbmvlk.bid,False
xgxmhvcppp.bid,False
qhqofqeivtno.com,False
orgzjdgtjmvzi.bid,False
nbclkgok.bid,False
nut.cc,True
tihjxcxutox.bid,False
thvrvojkkjkkpe.bid,False
zhabyesrdnvn.com,True
mecounxmawn.bid,False
avt7.in.ezar.ru,True
lyeannqhhf.bid,False
ongkidcasarv.com,False
ohecnqpldvuw.com,False
peniuk.com,True
yxlibrsxbycm.com,False
yxahzybkggol.com,False
apuorlaqiscu.bid,False
adrtgbebgd.bid,False
lvpcqndtdk.bid,False
lugknllg.bid,False
ltsnideak.bid,False
lreylxggpqxz.bid,False
reflection.com.pk,True
mtyqtczr.bid,False
msvgmziu.bid,False
mqyjnccou.bid,False
mofrupteeuqnvc.bid,False
sbkuytscekitph.bid,False
swtwtbiwbjvq.com,False
rzjbuovkp.bid,False
rxjyjfkzzbl.bid,False
rwaxdqfuqih.bid,False
oonenbygymsl.com,False
lxbaocqsmg.bid,False
onaca.ro,False
olwopczjfkng.com,False
o333o.com,True
onion.top,True
nahnoji.cz,True
au1-config.com,False
sasqhtfxsnklxn.bid,False
sandzfuay.bid,False
oouggjayokzx.com,True
petsathone.com,True
mdsrggcnmybae.bid,False
lzpqpstowpvz.bid,False
lwljmcved.bid,False
phoenixrealtorsblr.com,False
tkfusktjaok.bid,False
tjyzjtkutqvb.bid,False
mnrktyxs.bid,False
vgrguzpcpc.bid,False
vfwweckjug.bid,False
viysseop.bid,False
vimlsrcfgjyr.bid,False
vigrjuksi.bid,False
veswrzdcvcdooh.bid,False
vdknliitqoe.bid,False
vcegsisugrwd.bid,False
vcavpwzzx.bid,False
vbmvbljjer.bid,False
vbjwswnic.bid,False
uzzhylmprb.bid,False
uzxbnlwauycnp.bid,False
uyeitlxsham.bid,False
uvstluoomeys.bid,False
uuwoktwdmo.bid,False
uqzhfziupi.bid,False
upcokvzuupn.bid,False
uopzeuilt.bid,False
uokehbea.bid,False
ungvncbnx.bid,False
uiydukxbls.bid,False
uhgnxrkhoi.bid,False
ueutwxdypf.bid,False
uepsvcyxxrbs.bid,False
vumzegtucxqmhl.bid,False
vtncgdjuzpe.bid,False
uebavnacbjbr.bid,False
udbmqqkl.bid,False
uclftpjqdnvvz.bid,False
tzwcaamgd.bid,False
tzgmdsdjmv.bid,False
tzexcretyodzt.bid,False
tyxnmpfi.bid,False
tyxihxxtpumgm.bid,False
txjzxbykbaflu.bid,False
twhsmftwybkfn.bid,False
tvxcesibr.bid,False
ttqdlwzgpml.bid,False
tsjnzilsuzoxm.bid,False
vjzqadxswfb.bid,False
midzwwrcrril.bid,False
mekmrcgtmuvv.bid,False
agegefpkbll.bid,False
ssobmhpxnjjp.bid,False
odtcspsrhbko.com,False
tperkulpflry.bid,False
bcnikicdi.bid,False
bbqipbsg.bid,False
bjmrnfwcoqp.bid,False
bkeueifcqeicli.bid,False
wrvbbyxmsqs.bid,False
wqndqrxoi.bid,False
wibvytsxrm.bid,False
whyawcjjcoexo.bid,False
wghscopehrcafp.bid,False
wdvmxgwwyzoq.bid,False
wbejophctdunop.bid,False
vysdpgndbzylf.bid,False
vwbvandbj.bid,False
vsgumkkc.bid,False
vrpkzrquqnhl.bid,False
vqozayvwb.bid,False
vnnqiqzcslnh.bid,False
vnekbyzxamo.bid,False
vncvownr.bid,False
vmebrrdrtmiaan.bid,False
vjwjjytlbqhvmb.bid,False
vjgfelirts.bid,False
aoqvovzrtlpn.bid,False
vfbdtfucvlxi.bid,False
wypyocogs.bid,False
wzlgmbmwq.bid,False
bgbmtqzoc.bid,False
woaoqgpq.bid,False
wimxqzilfwkn.bid,False
wtdivwvldpykn.bid,False
dblnptdnyt.bid,False
czkbmjsodcgr.bid,False
cqskvtpeqcp.bid,False
ywmbgxmtupll.bid,False
xtdkrqmcs.bid,False
xqtadzsabcjj.bid,False
wadmolldl.bid,False
vanibwlu.bid,False
plexcoin.info,False
xcmfhdbumademo.bid,False
xsydgnsbslbme.bid,False
vmbkadalzr.bid,False
xcbiscycvs.bid,False
wvmtyaqdp.bid,False
wnciofaeswfp.bid,False
wclnrjxefu.bid,False
bjfxcvebjrcuce.bid,False
dapvmnnttetuu.bid,False
cwznlbsep.bid,False
csdqikvba.bid,False
zqijyjktaxc.bid,False
yvmzmyol.bid,False
djrkauxla.bid,False
didibvyl.bid,False
wwfjhzut.bid,False
fhgstzgrdhkah.bid,False
ns1.thepicturehut.net,False
aggressivebabes.com,True
bhmenywkptbkga.bid,False
wufpseev.bid,False
wmouorhfomby.bid,False
wboewdhesyfgsk.bid,False
bjknjsfrevt.bid,False
czuyzjyxlgirh.bid,False
zymngxjmm.bid,False
zxazzpdvhf.bid,False
zngnfdmxsfnf.bid,False
ziyuakulwtwn.bid,False
zeyiihbqbswtn.bid,False
ywwefdjjc.bid,False
yvjdvcgomph.bid,False
xttcpyfgjdkl.bid,False
xrrwwxfj.bid,False
xrmtjxxeerbew.bid,False
dgnqzxsw.bid,False
wrkzbwhm.bid,False
wlcepkuuvawjdj.bid,False
vhlsrzyt.bid,False
alidnquxirv.bid,False
wxnuobpxkjgk.bid,False
wyjyuahcunm.bid,False
bhbkfoybvrl.bid,False
bgybufwnfxkcr.bid,False
wpxkzfet.bid,False
wlozflcvz.bid,False
bjswchnxfoui.bid,False
xcsgthqj.bid,False
vdvmpzqmpsswu.bid,False
barnvagnskylt.se,False
bjgaxcstxlvm.bid,False
zcuocqfstyne.bid,False
ytrojdjen.bid,False
gplqpxhsunghmx.bid,False
goowurzdotcom.bid,False
eccsyytbe.bid,False
dzwagxju.bid,False
drragqvk.bid,False
dpkdwhfdrvxzcr.bid,False
down.gsxzq.com,False
dlganxfc.bid,False
feacamnliz.bid,False
zprlpkabqlth.com,False
kadinveyasam.org,False
obito.no-ip.info,True
daohvygdwvj.bid,False
zvicyjvyox.bid,False
zhrbwgylkeqmb.bid,False
zfivwwbxblzef.bid,False
zbwzxxysgs.bid,False
yyebntqnlvqb.bid,False
yybpijyx.bid,False
yxidkikr.bid,False
ytbnswbr.bid,False
gppzxymr.bid,False
goeoxqhesrvaq.bid,False
fdnxojzwbmie.bid,False
faleaqotrgvox.bid,False
fahowtxv.bid,False
ezdariijmdlg.bid,False
exsuqfxv.bid,False
etyeltdqg.bid,False
etsqitgro.bid,False
eqqhiwfjcfx.bid,False
enheqjtrvkn.bid,False
emrcrjcxjdsccz.bid,False
elsgsgxywj.bid,False
ekdjdrmqqlc.bid,False
eivikmwwrqtb.bid,False
ehoksipmkejqt.bid,False
eedsgikkbtn.bid,False
edplsrtjpxamr.bid,False
ecflhhxp.bid,False
easygatepr.bid,False
eadtortust.bid,False
dzuklgyo.bid,False
dxokxbrfl.bid,False
frtkblgbqc.bid,False
dvlhwokr.bid,False
duumdqyt.bid,False
dqcqavgqk.bid,False
dpqytzwxohcd.bid,False
doiljgzpurycgx.bid,False
dkvblgxkihtys.bid,False
gobljmgamwfjrc.bid,False
hostoi.com,True
zijkalirgmyzj.bid,False
elxkjyvdo.bid,False
eizzndhkvl.bid,False
egzvkronnvwtra.bid,False
ewaosdzofcsy.bid,False
zymaevtin.bid,False
zbbgwhmrjx.bid,False
hyhabjqndvwf.bid,False
hxvdrelj.bid,False
hwvvhsnjj.bid,False
hwktxvrvz.bid,False
hvvxxszxslome.bid,False
huxwvqkdkc.bid,False
hsuohkuegd.bid,False
hsnuutxbmmqry.bid,False
hsivniaui.bid,False
hsdjvuayagt.bid,False
hpqxznpb.bid,False
hokehntutt.bid,False
hodhrwizh.bid,False
hnitbiubtg.bid,False
jogccrwnpsmliq.bid,False
windows70update.servepics.com,True
zeler.zapto.org,True
hewj.mooo.com,True
mtv.eradio.ee,True
msiegurhgfyl.com,False
hjnfurphlwsui.bid,False
hhnvtfiiitzf.bid,False
hfyqolbetdprw.bid,False
hirdchyngnn.bid,False
fawhiybzs.bid,False
egxkjjqke.bid,False
efsjxinbtzirs.bid,False
livxcgmpvz.bid,False
limited-martin.com,False
kyieflmhiekvrr.bid,False
kyegtutis.bid,False
kkvsvznavqkl.bid,False
kjkdagfnjm.bid,False
jpnudjqejbpx.bid,False
jllveksikabohj.bid,False
jkpdxsqpyl.bid,False
jgxlxsnqz.bid,False
jfvoyuxmp.bid,False
jffhbunkrxmyhf.bid,False
jfcofvhuqzdg.bid,False
jdiliqkjk.bid,False
jcgvmfaby.bid,False
jbarrxmpmmekwh.bid,False
jamvgopociy.bid,False
jacroxrssmme.bid,False
izgnfkvpiawwn.bid,False
iyjukpbyzsxc.bid,False
iwptktyoq.bid,False
iuewancpgd.bid,False
itdfougdewupfd.bid,False
isfouztifttwha.bid,False
iroktywi.bid,False
ipndulsempjgb.bid,False
ikuzqysewaw.bid,False
ikpzwbrzzfg.bid,False
ihmevshz.bid,False
igutgembqnw.bid,False
icyfqtjj.bid,False
icjurmxhqpdpbt.bid,False
hwtdpeihsszrl.bid,False
hwmgcurmtkxk.bid,False
hwkxtltut.bid,False
efmpejbybupe.bid,False
gxmpahyt.bid,False
hmwxaldhioby.bid,False
hkyskqpsqwjq.bid,False
ipytvgqfh.bid,False
jmqxufpbikzk.bid,False
llxyyocfgfg.bid,False
nrszmiiwfifwlq.bid,False
meuxestvodec.bid,False
lexcyehlniruu.bid,False
lcnvxuipvq.bid,False
kuqixxjguc.bid,False
ksbewtjuqitxg.bid,False
knxwoaewryxaxd.bid,False
kisvtclf.bid,False
kbxkcmpd.bid,False
jzvuglclkdnb.bid,False
jvepcgbq.bid,False
junwkfyb.bid,False
jrauyqdbit.bid,False
kbgphmpg.bid,False
juoyynafgp.bid,False
kpgcyqkktm.bid,False
lpdeuhyakoits.bid,False
okuprpjyc.bid,False
oijvjlfjjb.bid,False
oiftdobow.bid,False
nucpzlpmp.bid,False
mhhumeppcngjih.bid,False
arloxpiosxzjw.bid,False
poogatodf.com,True
minexmr.com,True
mictxtwtjigs.com,False
mhaafkoekzax.com,False
mentalhealthcheck.net,False
loakfiiggz.bid,False
liuztvaem.bid,False
klmfvshct.bid,False
kyckfuuzdzmsv.bid,False
lhapwjkoltogf.bid,False
iinkhwsh.bid,False
kuhbcpckauwt.bid,False
krzllasnlbpjk.bid,False
kmdqjdktf.bid,False
kgnxtdcf.bid,False
kbipxydhakpdwj.bid,False
jzthapvjlq.bid,False
jxxjndvcf.bid,False
lfshijqwdei.bid,False
jukdmqghgzb.bid,False
jqtftqnkhsw.bid,False
lestujzrpeom.bid,False
lplznzccvn.bid,False
ojtcgnyikbtg.bid,False
nsgwpapi.bid,False
mgjoqdmjofl.bid,False
sorgenfrei-coburg.de,True
minekitten.io,True
lgtbcaqkjo.bid,False
kkztcmjvklinxp.bid,False
kcgmgnejfp.bid,False
kxyevjvmalerq.bid,False
kujfhmyoeemqxb.bid,False
jujydhwftub.bid,False
lapbekessbozpx.bid,False
jutbdkjc.bid,False
lmbdkdxprktt.bid,False
lgbpcbddfs.bid,False
ocofiyymgfyxx.bid,False
pajmxvlsuxyks.bid,False
nrfltkshqgzowk.bid,False
sonalitas.com,True
drat.myvnc.com,True
mdrkqbsirbry.com,True
mbajaazbqdzc.com,False
phlslvetboouo.bid,False
paruvaubxwwz.bid,False
oljpsldr.bid,False
cet.no-ip.info,True
salazarparquets.com,True
happychange.net,True
gydlzimosfnz.com,False
gsiqerorqkxu.com,False
goxmrminer.com,False
mcgoth.com,True
548260.parkingcrew.net,True
olayojplg.bid,False
goweda.com,False
rrsijwsvemhzxx.bid,False
pibizrfgsrkji.bid,False
ooqgpbkpmq.bid,False
ohlpmbbiw.bid,False
akvtmvoolwlm.bid,False
owdligzikqqh.bid,False
onsujkfgc.bid,False
osfipdgo.bid,False
ofpwdoovxs.bid,False
pbcyvzvdi.bid,False
nwzawdquu.bid,False
mwgjoofxf.bid,False
nwhitgovb.bid,False
vlufledr.bid,False
tablabel.com,True
nininhashow.com.br,False
mercy.ga,False
megabanners.cf,False
pcvdrjvku.bid,False
oczqdwqnvhzz.bid,False
coinworker.com,True
hallaert.online,False
zrrgjpsb.bid,False
jcmtczpwontvppnt.org,False
c0.pl,True
marvan.biz,True
zxlake3.ru,True
qwrkigqtgygc.com,False
uqoboyvqsqpy.com,True
granpex.pl,True
inboard.ru,True
paulineantipot.fr,True
testpanel.sytes.net,True
goodolddownloads.com,True
sweb.cz,True
pdypjcgng.bid,False
dvprcchlzke.bid,False
gqnmautydwky.com,False
pdxvgkivkc.bid,False
jimwigler.com,True
eewqr12.servebeer.com,True
avangard.name,True
qrjvglpkpl.bid,False
dahakbkwgvwzb.bid,False
googledocs.docscloud.win,False
sicherheitsvorbeugung-schutz.cf,True
zs.zapto.org,True
supportxmr.com,True
swissknot.com,False
inwemo.com,False
hzsod71wov.me,True
dnsden.biz,True
serva4ok.server2.eu,True
hemnes.win,True
nethouse.me,True
sopzefqypxas.bid,False
bebufuspldzh.com,False
siwtuvvgraum.com,False
kjbqzbiteubt.com,True
baiaclwdpztd.com,False
giphylee.com,False
au-business-customer.com,True
getvideo.nu,False
nfwebminer.com,True
blog.piotrwyrzykowski.pl,False
simplychasinasis.com,False
uni.96.lt,True
simplellantivir.rr.nu,True
eeme7j.win,False
ns1.shoshololo.ru,True
rdqy.cn,False
drivers.epsoncorp.com,False
serverhelpdeskadmin.webs.com,True
indigocrickets.com,True
enjoyableoffers.club,False
neironhounder.com,True
alemoney.xyz,False
bqbagfhhbhyzq.bid,False
btt5sxcx90.com,True
now.sh,True
guppobod.net,True
vlad-poltava.1gb.ua,True
mysitezulu.com,False
auroramine.com,True
marketingmonster.ru,False
dbwohmscsgkhvz.bid,False
corporationregistry-online-form.com,False
sexwithanimalsvideos.com,True
ghostdeal.com,True
yyhlnavqvcjuiq.bid,False
itrcareer.com,True
cmqeojydveotb.bid,False
owaeapp.comuf.com,True
jointreport-switch.com,True
qrksjrjppkam.com,True
maravilhas.co.cc,True
supersimplesurvey.com,True
hashto.cash,True
fulminatoronline.com,True
malawipublichealth.org,True
propertymanagement-varna.com,False
host56.com,True
greetingsjackass.com,True
gicfamily.org,True
pegfix.com,True
scottnepal.com,True
gamblingheadquarters.com,False
fromjamaicaqq.com,True
mhc-class-ii-antigen-45-57-homo-sapiens.com,True
voog.com,True
tnkrspdmhdmrfn.bid,False
hodling.faith,False
gorilapolar.com.br,True
highnetlifenet.com,True
optimonk.com,True
axbsdoysiogrrc.bid,False
tmfkuesmlpto.com,True
siteverification.online,True
korocbbktnw.bid,False
xyrjlbxkxojoi.bid,False
yzreywobobmw.com,False
monero-miner.com,False
dfujqyjifvoe.com,False
wqzorzjhvzqf.com,False
web-production-env.y43hvwk8dt.us-east-1.elasticbeanstalk.com,False
atomictimemachine.com,True
sarahdantgolf.com,True
lmjpcirfvt.bid,False
kvfdhsmrrwamt.bid,False
jpncpftyxliq.com,False
xinhuang2015.com,True
mnsf.co.nf,True
tanzaniadestinationsafari.com,False
mutx.xxxvideos-hd.com,False
ar-net.info,True
tulip18.com,True
stats.tyokarhut.net,False
sportainventaranoma.lv,True
xrdutkydekqpxu.bid,False
lzrfxzvfbkay.com,False
lttsvesujmry.com,False
pvptwhhkfmog.com,True
pugfgjvrivfm.bid,False
smanegeri2sampit.sch.id,False
gameslist.got-game.org,False
lionfish-reklama.pl,True
latestpromotions.club,False
www.shauntaylorphotography.co.uk,True
invisibleman.info,True
biberukalap.com,True
my-breakaway-vacation.com,False
axjnnlrc.bid,False
carrel.services,False
couponingiscool.com,False
newscoverage24.com,False
rcnkflgtxspr.com,False
ljngjrwkyovx.com,False
okeyletsgo.ml,False
xia.baizhu.cc,False
169.username.sv5.wix.com,True
entertainingiseasy.com,True
cbehcazifywmro.bid,False
johngottybest.com,True
jennifermusic.nl,True
gtbfhyprjhqz.com,False
hodlers.party,False
xlreservation.com,True
cnhv.co,True
giveacrap.net,False
turner-construct.com,False
multicoin.eu,True
wsqwehnnjppxrgxp.org,False
amazinjason.com,False
msupdak.myhost.to,False
mschosting.com,True
bpblqdfe.bid,False
hatefelony111.com,True
aufyuiavvkf.bid,False
biwjfwhxoy.bid,False
maxsidelnikov31.narod2.ru,True
ontamada.ru,True
telelope.com,True
crypto-webminer.com,True
azlbmpidrvnoi.bid,False
avptczdpdh.bid,False
mvlcwazi.bid,False
xqygrmkga.bid,False
billycheerful.com,True
napsea.net,True
wozup.org,False
livestatscounter.com,True
qysextrlhpoc.bid,False
bvzhalhubwkbg.bid,False
btvdzlkg.bid,False
hk.rs,True
bestvideoworld.com,True
awaeswvqd.bid,False
muoyeoyymfwwp.bid,False
rhkwkqznmovfl.bid,False
mtbpqzke.bid,False
byoftdngsqjezw.bid,False
axbpixbcucv.bid,False
tnieplur.bid,False
wincoin.com,True
xftyznkmppep.bid,False
bmalhekpohve.bid,False
qjmrqglqxlodj.bid,False
monkeyminer.net,False
coxgtwdios.bid,False
nro.gov.sd,False
republika.pl,True
prnxtmtbbqs.bid,False
mvdqeaxrk.bid,False
mkfumtmi.bid,False
zyxtecsff.bid,False
ldybupeeeoq.bid,False
zyjjmszszum.bid,False
chainblock.science,True
bizoninvest.com,True
reytoro.com,True
rencohep.com,False
turnerconstruction.com,True
aeronitrex.com,True
duowan.com,True
zaquenzipa.org,True
xavmcsvas.bid,False
mvddovmyeh.bid,False
qovfvxbl.bid,False
monero-miner.net,False
iwwrrkudr.pw,False
sbdufkkcp.bid,False
qevfmwciyp.bid,False
ozyjicurrutehe.bid,False
ljqozvzjphgbw.bid,False
idelmxrchrce.com,False
aquajaunt.com,True
hmining.mobi,True
rovo.pl,True
hamco-group.com,True
myoffers.party,False
msrisuty.cz,True
ewtuyytdf45.com,False
aquaedition.com,True
qgmrchjuqro.bid,False
foresttest218999fhjslk.com.tw,True
ron.si,True
rokqsjhzyiusvrj.info,False
roadgrip.co.uk,True
shaktifood.com.np,True
hayber.com,True
sbhmn-miner.com,False
satoribeauty.co.uk,False
sandrahalbe.com,True
cliggi.download,False
sandlok.com.au,True
NBParking-LB-1977168523.us-east-1.elb.amazonaws.com,False
sampinv.name,True
quiverwave.com,True
cleology.xyz,False
securitydaemon.com,True
scarts.name,True
guncelim.net,True
scanmycharts.com,True
imranhardware.com,True
schoolofforextrading.com,True
basedmarket.com,True
streamplay.top,True
stpbb.org,True
snarework.us,True
st-hospitality.com,True
ultrawirereservation.com,True
hiido.com,True
hexamining.io,False
cbqqatarme.co.cc,True
ns1.helpchecks.com,True
hanaindulgence.com,True
ssrsolutions.co.in,True
sitesumo.com,True
shrink-service.it,True
solla.at,True
smartsecuritybox.com,True
sitein.biz,True
msg-2.me,True
ssss.everywebspace.com,True
sparechange.io,True
tierranuevacancun.org,False
xmrminingproxy.com,True
microsoftl.com,True
high-update.com,True
jiemian.com,True
gotoberlin.info,True
moonsade.com,False
teensexavenue.com,True
cardenasventures.com,True
taemaidoo.com,True
tarplast.com.ua,True
tirpalindia.com,True
seriveee.zapto.org,True
serlene.serveblog.net,True
27news.com,True
thatresha.com,False
greatsouthland.org,True
androidapk.world,True
run.grossmontgrad.com,True
grandcons.ru,True
dst-finance.com,True
jinanpharmaceutical.com,False
investriotinto.com,True
ns1.helpupdates.com,False
g-content.bid,True
huimee.com,True
hbzzkwsuaooc.com,False
mannequinsexporter.com,False
310ca263.space,False
sincityministries.com,True
tubetitties.com,True
hasnainscientific.com,True
urbanmarketingmethods.com,False
productscatagues-sell.co.cc,True
xmrpool.net,True
27news.biz,True
chipa.5b9b04a4.201808.cbricdns.com,True
digitalmarketingarm.com,True
yochat.net,True
contehos.com,True
securestudies.com,True
bitzfree.com,True
biennale.info,True
gofootage.com,False
sportingprofiles.com,True
urest.org,True
udo.photo,True
mingroups.vn,False
syntaxhack.it.cx,True
anti-spamupgrade.coffeecup.com,True
googleo.com,True
www.vario-reducer.com,False
connecttome.sytes.net,True
quartzia.it,False
potentialmarket.cf,False
studentsbelhaven-my.sharepoint.com,True
vvmmp.ru,True
computerformsandprinting.com,True
flu.cc,True
mypomptonlakesnj.com,False
rafa.dk,True
biggestfunds.com,True
salesadmin.org,True
bewaslac.com,True
ccymf.com,True
gnsfreight.com,True
hjdfhjpqhf44vzskdjui123123.org,True
rockcottagedaynursery.com,True
123hotel.dk,True
billingssh.info,False
bhfm.ch,True
bigjava.com,True
lmjklpukbbwxm.bid,False
pjyxgemom.bid,False
a71.g1.akamai.net,True
1st.xdwscache.ourwebpic.com,True
fedralwire-report.com,True
98dfgr994883798df.com,True
capodannoinversilia.com,True
gizmoka.hu,True
freetemplate.site,True
rocks.io,True
90fd78b9078bd0g.com,True
8000plus.si,True
4kasners.com,True
3powers.com,True
freecontent.info,True
webmailservice-provider.net,False
gasolina.ml,True
catmountainhoa.com,True
hashvault.pro,True
gzpot.com,True
coin-service.com,True
adscounter.info,False
9ch.ru,True
7system.ezua.com,True
helios.servepics.com,True
achecad.com,True
high-privacy.com,True
pakistanalco.com,True
morningdigit.com,False
ad-miner.com,False
01g.info,True
lehighuniversity.weebly.com,True
abloomglobal.com,True
abemuggs.com,False
freecontent.bid,True
globalgroups.us.org,True
adbtc.top,True
abc.googlezuju.com,True
adatewithme.com,True
alpineinc.co.in,True
brominer.com,True
amitcs.com,True
akronisltd.com,True
agenciad1up.com.br,True
advanti-wheel.com,True
apnpartners.com,False
alturl.com,True
almanalfoodstuff.com,True
analyticdns.org,False
alheimia.fr,True
algezio.ro,True
360safeupdate02.gicp.net,True
adelect.com,True
amoresd.com,True
americanmobile.ca,True
angleeseng.com.sg,True
herstedhus.dk,True
futureleague.net,False
savannahraces.net,True
rikonclocks.com,True
wuvwqckpzfxrqi.org,False
arkansasnbc.com,True
aquaskiff.com,True
federalreserve-online.com,True
rnkr-static.com,True
rewriterform.com,True
globalorbits.com,True
exvgzhwssyivz.bid,False
ynotdrama.co.za,True
modulo-beton.es,True
rintindown.com,False
renhertfo.com,False
stinge.com,True
aquasrc.com,True
antigonishgolfclub.ns.ca,True
shurs.ru,True
www.gzumjmvqjkki.com,False
gphfgyrkpumn.com,False
elementfx.com,True
snaretrace.us,True
funtime.arvixe.ru,False
fsddidfmmzvw.com,False
fbisupport.com,True
kedtise.com,False
minemytraffic.com,False
masterandslave.tk,False
ramzansons.biz,True
respectucf.com,True
radiotk.org,True
sendreach.com,True
justfolio.com,True
secumine.net,False
seamlessdocs.com,True
bagdatlilaroto.com,True
www.puikis.lt,True
www.officefurnitureonline.co.nz,True
baidupcs.com,True
www.snakebite.nl,True
www.thukralsteel.in,True
www.jboovenoenkh.com,False
www.igyzmhqbihoi.com,False
authedwebmine.cz,True
termassistant.com,True
xaz6g1bc-server.com,True
frtualpornclub.com,True
lehighedua.webs.com,True
snaf-sa.com,True
audiofix.square7.de,True
bestlongnet.net,True
ezweb123.com,True
exclamar.com.br,True
jzlzdnvvktcf.com,False
scubhs.edu.bd,True
apuliamusical.it,False
avto-melochi.ru,False
fsafsa65464.be,True
atronix.com.br,False
autreymotorsports.com,True
eraweb.no,True
libertygarments.com,True
kissdoujin.com,True
bvsportgroup.com,True
frmcbusinessventures.com,True
ericksoft.com,True
streaminggourmet.com,True
johnamesonline.com,False
telcowatch.nl,True
16mb.com,False
1q2w3.fun,False
webmailitportal.widry.com,True
update-wind.com,False
fresh-art.nl,True
french-cooking.com,True
havesetup.net,False
butcalve.com,False
canberrabaroque.com.au,True
freeupgradesoft.com,False
globalwarming-prevention.com,True
excellenceawards.org.au,True
ixenetwork.com,True
bsupflnjmuzn.com,False
bsideliquorlounge.com,True
bryandsighter.com,True
bmnr.pw,True
updatemanagir.us,True
servicesecurity.org,True
browsermine.com,True
freebitco.in,True
private.directinvesting.com,True
camelsupport.com,False
brainschampions.com,False
camaramaripa.pr.gov.br,True
c9users.io,False
charterbeans.info,True
lightminer.co,True
chamska.org,False
jb-solution.com,True
directinvesting.com,True
iesnare.us,True
cebufoodguide.com,False
buyservices.com,True
freecontent.stream,True
candid.zone,True
clubmaxx.ro,True
cookiescriptcdn.pro,True
cody.services,True
cryptocoinabout.com,False
cloudmediacdn.com,False
www.jbvisobwrlcv.com,False
wittyoffers.club,False
wiebetruckparts.ca,True
coinimp.com,True
coinhove.com,False
cdkd.net,True
testonlyforfhj3355591.com.tw,True
lgtnwgfqkyyf.com,False
lfvrjrdrgazl.com,False
pretor-road.ru,True
waytopaytosystem.com,True
coinhives.com,True
conhive.com,True
wty46.com,False
coinnebula.com,True
coinhive.com,True
coin-hive.com,True
coinerra.com,True
coinblind.com,False
alliancestudio.ru,True
afrikaansemaskers.nl,True
wave-gb.com,True
0fees.us,True
cdns.ws,True
czgeitdowtlv.com,True
cryptosearch.site,True
daraskiluk.org,False
rjkfuvqwk.bid,False
cyberium.info,True
cornermarketmedia.com,True
custom-home-contractor.com,False
debet-kredit.net,True
dalilaqarat.com,True
guardbreeds.com,False
rinukkvp.bid,False
vrdt.us,True
d3ddidv77grh0f.cloudfront.net,True
supremaplanejados.com.br,False
a-o.ninja,True
rsrbqknrfskkb.bid,False
rryyvhzxikai.bid,False
rrhzlgzazz.bid,False
rrfuviqoyabfep.bid,False
rkwpgdnlwgg.bid,False
rkktwxuqu.bid,False
adminportalqueryservice.webs.com,True
skemvideo20.co.uk,True
sm3na.com,True
yadro.ru,True
graftpool.ovh,False
hewj.ignorelist.com,True
sms18.in,False
plainidea.com,True
dbi-static.com,True
rurjxaovebr.bid,False
risvrteprhufnk.bid,False
inmrjokdxmkh.com,True
deepc.cc,False
designmysite.pro,True
visualla.com,True
dasad41da4safasdasd21.biz,True
ruqckzdjsoe.bid,False
webmining.co,True
forppp.net,True
sinfree.net,True
www.asem.it,True
imein.net,False
vesissb.com,False
evelinehalprin.nl,True
estudioadrogue.com.ar,True
mastergary.com,False
ptsoncmrusnjoew.com,False
pradeepnairphotography.com,False
3eeweb.com,True
postservicedeskassistance.y0.pl,True
cookiescript.info,True
hatcalter.com,False
solusiibuattack.com,True
fiestastamp.com,True
elthamely.com,True
zekesames.com,True
spec02.dircon.co.uk,True
whathyx.com,True
procleanersas.com,True
wemine.pro,False
ilegalesthemovie.com,True
westernillusion.com,True
versiliaguide.com,True
tokiocitus.com,True
vensart.net,True
privacypolicy.co.business,False
subloader.cf,False
technicalred.com,True
starygroup.org,False
fiddlebarn.com,False
stikerlabelnama.com,True
top.got-game.org,False
swinginwithme.ru,False
vcrypt.net,True
form2pay.com,True
tapodhan.de,False
timelive.info,False
system-center-service-manager-portal.com,True
victorjaybee2012.co.cc,True
tlnoffpocjud.com,False
tqdarrhactqc.com,True
gridcash.net,True
flazio.com,True
verifyyourbelling.com,False
flare-analytics.com,True
research.wismi.com,True
zsolo.bid,True
fotoycafe.com,True
fork.embrygrad.com,True
travnicki.ba,True
tshipaictsolutions.co.za,True
getcryptotab.com,True
tunnel.shellmix.com,False
viqfxgmgacxv.com,False
fewyearsout.com,True
giftcanbuy.com,True
getenjoyment.net,True
cabanova.com,True
stat0808.info,False
twinschaats.nl,True
vseponovoy.cc.im,True
troj.zx9.de,True
vatanet.netii.net,True
tuk-tuk.com,True
floranimal.ru,True
ussommelier.com,True
estream.to,True
duapp.com,True
byethost13.com,True
ulcraft.com,True
bowithow.com,False
uniexcelindia.com,True
unztsvrjofqp.com,True
pcsucdn.com,True
bristolnomads.org.uk,True
upgradewebmail.pw,False
pguxoochezkc.com,False
moneybase.biz,True
guangxi1.com,False
uptonxtwealth.com,True
gtempurl.com,True
txwzdalmamma.com,False
ullnot.download,False
vfmzddpaznanf.bid,False
pinktiebash.com,True
tt.payment.server.fajr-ind.com,True
facilfood.cl,True
heartofstonephoto.com,True
system-error-vkp77.pw,False
urbelos.com,False
ujqafhcsrhyz.com,False
utamu.ac.ug,True
pnsolco.com,True
tuoilouisa.com,False
juulvapor.com,True
bolatv88.com,False
hrdeptselfservice.com,False
bilgecom.com,True
vduswjwfcexa.com,False
ipocket.gilsar.com,False
icloud-diagnostics.com,True
ic.cz,True
hv673hv573hv53h7khv57.com,True
hunterdriveez.com,True
vetderohrmoser.com,True
grupoevaluar.com,True
ilovekeks.biz,True
hruner.com,True
bablace.com,True
afminer.com,False
bookplace101.net,True
icredoname10012.com,True
vcfs6ip5h6.bid,False
vcwdjbbughuy.com,False
jaipurmaheshwari.com,False
infogesco.com,True
inrutrifles.com,True
inamoto.com,True
waltersfamilytree.net,True
insdrbot.com,False
imcreator.com,True
josunrwpyghvttr.com,True
joyreactor.cc,True
irs.in,True
vhpqxkhvjgwx.com,False
ingorob.com,False
aixiu13.com,True
ioskeyboards.com,False
infrarotendamkevforo.com,True
inboxacc.com,True
imgfarm.com,True
daosf3doapo.com,True
vicofhozbuaf.com,False
vitrinedacasa.com.br,False
inspititos.com,True
keesarimarriages.com,True
bestyud-master.rr.nu,True
blackbuckseri.com,False
kiwifarms.net,True
jleme.com.br,True
jked184938t022.unail.biz,True
jimdo.com,True
jsecoin.com,True
jscdndel.com,True
jangasm.org,True
justbigtoyss.net,True
bkmtspywevsk.com,False
just-ping.org,False
kpzip.com,True
agilebase53.com,False
kpminfra.com,True
joannpittman.com,True
kooliner.com,True
kscg.me,True
com-http.us,True
kisshentai.net,True
lmodr.biz,True
rayssajoias.com.br,False
kishefoods.com,True
kickass.cd,True
kentavros.com.au,False
biggestcoin.com,True
lewer.sk,True
kolgotoff.net,False
klrtm.com,True
latorredelsole.it,True
kickthefuture.com,True
ledinund.com,False
layeradv.com,True
linuxreal.net,True
la-lavanda.com,True
ematome.com,True
barrister.kz,True
macaenseambiental.com.br,True
marajotecidos.com.br,True
malinkej.cz,False
lokanukamokahylanustara.org,True
maisonsurrenne.com,True
rdwfotuyp.bid,False
rdkcwothcygu.bid,False
stayinukraine.com,True
manageopoly.com,True
lib2.ml,False
m5ta2bq-server.net,True
languageartisans.com,True
scofnjymyym.bid,False
manglikrishtey.com,True
rezfubngrzdet.bid,False
qzayyghs.bid,False
lehigh.webs.com,True
bibitka.ddns01.com,True
qupycbhfvqtj.bid,False
magamobile.com,True
microfreaks.com.tw,True
minemonero.pro,True
microbase-update.com,True
msgcollection.com,True
mining.best,False
mmpool.org,True
www.rjlegalgroup.com,True
microsofl.com,True
rctanilirwefr.bid,False
marketgid.com,True
mmarket.com,True
mlscmusic.com,True
minero.cc,True
rcdmxfpefz.bid,False
qrzcenqja.bid,False
minescripts.info,True
rbbkqlnnmus.bid,False
qyghwcrjaw.bid,False
qrqmchbp.bid,False
luckyway.kz,True
mswqvxohtpfnzj.org,False
monerohash.com,True
qsxggbsthsk.bid,False
mobosurvey.com,True
qquncjiru.bid,False
megiongeo.com,True
mshelpdesk.co.nf,True
moy.su,True
moviewebtv.com,False
monerise.com,True
mosrif.ru,True
moonbit.co.in,False
modernautoservices.com,True
minecrunch.co,True
astrawebservice.com,True
qwvktoqxqum.bid,False
qqrwncvoig.bid,False
moneroocean.stream,True
qpodgrwu.bid,False
qnvdwezdshagls.bid,False
qnssgaxxcpvwro.bid,False
barzev.net,True
net23.net,True
armutcuoglu.com,True
nevestabest.com,True
netcenter.dlmix.ourdvs.com,True
neoprenolen.com,True
national-security-agency.com,True
mymail.drhorton.com,True
nachauserinfo.com,True
myjino.ru,True
neptun24.ru,True
nathetsof.com,True
nickeldo.org,False
nablabee.com,True
n00vps1.r00t.la,False
smartsecurityadvizor.com,True
myscarts.name,True
olthlikechgq.com,True
oaflauganda.org,True
qfzhppwfkenbmv.bid,False
nmayxdwzhaus.com,False
pcebrrqydcox.com,False
qfmkufzloxy.bid,False
qdzhsgwj.bid,False
www1341.s17.webhost1.ru,True
mokshark.com,True
ns1.analyticdns.com,True
ozitechonline.com,True
notegastes600.es,False
ngdrei.co.th,True
parlamentointernacionaldeeducacion.org,True
nullrefexcep.com,True
amstelone3.biz,True
qfqseouk.bid,False
qevkdmgcv.bid,False
ntchristiancounseling.com,True
nswrallyheritage.com,True
outlookw3bapp.co.nf,True
qgggccolqyi.bid,False
ns2.thepicturehut.net,False
nookbizkitsad.com,True
qapriesencloq.bid,False
pricefbcf.gq,False
oxoooofaculty.jigsy.com,True
pedrobastos.com.br,True
papoto.com,True
posta-myposta.com,True
poste-secyre.com,True
surveybrother.com,True
poisk.su,True
pfdregistry.net,True
payamkadeh.com,True
owaoutlook.co.nf,True
outlookmai1.co.nf,True
orphankittens.org,True
petroleumgroup.biz,True
oposumschoone.com,True
policeawards.org.au,True
qabmhhrfi.bid,False
pwsdbnngexc.bid,False
pvrybwoqcprogc.bid,False
adless.io,False
370cabd5.space,False
psbadfsth.bid,False
domainfortestingpanel999111.com.tw,True
quimicosgac.com,False
360caa42.space,False
85hjcq.com,True
pjydgizqsldqj.bid,False
raqueocznwden.bid,False
saea.ga,False
dnspod-vip3.mydnspod.net,True
dns1.nsdnsrv.com,True
plusloinart.be,True
340ca71c.space,False
phoenix.dj,True
amberschool.com,True
akhheootedva.webs.com,True
7zhan.com,False
6tsbe1zs.me,False
330ca589.space,False
ptqwvynkyhcwo.bid,False
320ca3f6.space,False
6ow9rhxtolls.gq,False
300ca0d0.space,False
rafvxnikmn.bid,False
txwnwvhkbtzb.com,False
3d0cb547.space,False
dasch.pl,True
3c0cb3b4.space,False
soszgtvox.bid,False
rfheugyfwfffne.bid,False
pswlvlauz.bid,False
zaebiz.eu,True
bxkkuskgdjskdn.com,True
mxsuikhqaggf.com,True
srppykbedhqp.com,False
ajayenggworks.com,True
nahwi.com,True
hnwxqurqjvynwljf.org,False
hosannabibleschool.com,True
networkbench.com,True
herbal-treatment-advisory.com,True
govapego.com,False
linaoxue.com,False
888950.parkingcrew.net,True
usitexpertz.com,False
testingforg00gle777245.com.tw,True
sylta.de,True
whyvavilon.com,True
libg.cf,True
kumardidon.cba.pl,True
wsall.qqxzb.com.wswebcdn.com,True
dhinaurimai.com,False
www.pinte.com.tw,True
arawegnvvufy.com,False
bugs3.com,True
www.vcita.com,True
pushpakcourier.net,True
yimasoft.net,True
zfubrpobdf.bid,False
clermontlounge.net,True
aleinvest.xyz,True
owcykhrgovbvhh.bid,False
coinjive.com,True
ekanomics.com,True
victorataide.com.br,True
usetoleaveinamerica.info,False
zslembevfypr.com,False
yunvm.com,True
zsearchweb.com,True
mlmjxddzdazr.com,False
listat.biz,False
eslgydoqbedo.com,False
chemicalreport.pk,False
ytpfmnmgyjinxrhe.com,True
luraclhaunxv.com,False
www.colorandcode.ru,True
convencioneszacatecas.com,True
13.h.last1.cnc.ccgslb.com.cn,False
malkintop100.com,True
kosco.pl,False
val-ocean.fr,False
2giga.link,False
travelclothes.org,False
tiaozhuan589.bestcdn.xyz,True
tg2.username.dc11.wix.com,True
cdn-hw-hls.xvideos.com,True
corrieskitchen.com,True
theappguruz.com,True
zoosex.pink,True
sanducomfort.com,True
surtivel.com,True
1q2w3.me,False
pqwbcpqqiiznu.bid,False
poorybdbh.bid,False
pnmxoeztls.bid,False
edu-login.com,True
edukids.co.th,True
edgarmorin.org,True
meterotica.com,True
fvwcwbdrprdt.com,False
cslrb-850-2.slc.westdc.net,True
sbsfe-p9.geo.mf0.yahoodns.net,True
fouradio.com,True
opmsk.ru,False
dominoforsale.biz,True
ymlo.eu,True
activeforms.com,True
vadhesindhi.com,False
softwareagenda.com,True
formbuddy.com,True
sillyjay.crabdance.com,True
markeykitchens.com,True
mcnotone.com,True
pospayinstruczione.com,True
researchanalysiscorp.com,False
sccnps.org,True
johnholts.co.nf,True
paradisehill.cc,True
offerent.com,True
2013verification1.webs.com,True
5vz3cfs0yd.me,False
nexuslarp.com,True
yinque8.com,False
xzz.dns-vip.net,False
xxmagicreservation.com,True
www.lazkslkkmtpy.com,False
www.chipad.com,True
wrhpnrkdkbqi.com,False
addweb.ru,True
pmzktktfanzem.bid,False
imxprs.com,True
do69ifsly4.me,False
piotrowska.net,False
qualtech.com.co,False
evengparme.com,False
dynamic-dns.net,True
pmpgazgz.bid,False
babecunt.com,True
ytjsxkupugwfppp.com,True
qqyewu.com,True
cs3.gs1.wac.edgecastcdn.net,True
devappgrant.space,True
coin-have.com,False
cderlearn.com,False
pxe1.host-food.ru,True
fhjubmobjrgf.co.cc,True
freecontent.net,True
owaclientservice.hst.im,True
dentalatmediacityuk.co.uk,True
3apa3a.tomsk.tw,False
mcl758.org,True
vhf.se,True
pkfqaxlxh.bid,False
meetwomen.com,True
monerominer.rocks,True
stitdaarulfatah.ac.id,True
pyc.edu.np,True
yourownclp.com,True
puwzwbdopaeq.bid,False
mumandi.org,True
pudding.cc,True
l33tsite.info,False
pugpwrqsk.bid,False
viaxmr.com,True
veritrol.com,True
istemp.geobus.pl,False
yojxoefvnyrc.com,False
ygnlgxyzamfxvlt.info,False
kho3au7l4z.me,False
pudptxanhspld.bid,False
newturbobrowser.com,True
ptwnvihnxvg.bid,False
xiwhhcyzhtem.com,False
pmpdqkjio.bid,False
bexogxapbqict.bid,False
odpjcjreznno.com,False
vdg-el.com,True
dkakaianglkks.webs.com,True
caterinacostantini.altervista.org.cdn.cloudflare.net,False
proactivehomerepair.com,False
go6po.biz,False
promoitaliane.tv,True
uebawtz7.me,False
trucktrumpet.com,True
oload.info,True
daystarchapel.com,True
fajr-ind.com,True
1108808.p23.tc.cdntip.com,True
tulangbawangkab.go.id,True
vdawecpymih.bid,False
atijsiwpbrvtm.bid,False
jxgbdhbilbsgf.bid,False
nomoratorium.com,False
tfomaunqqmii.bid,False
softusit.com,True
ppoi.org,True
infoprofit.com.pl,True
anvagsqctxsaz.bid,False
yqjoqncxmufi.com,False
aofxqchnbtae.bid,False
pe.hu,False
onlinereserchstatistics.online,False
sunshineproperty.info,False
baommitouduxo.bid,False
kknvwhcmqoet.com,False
cortxphssdvc.com,False
stmassage.ru,True
webminepool.com,True
lsgmodels.com,True
proeshiftracing.com,True
ubxtoqsqusyx.com,False
xhamsterclub.com,True
zgdfz6h7po.me,False
preventionperu.com,False
jdtufqcyumvb.com,False
lbpa01.bk-partnersus.com,True
mosdqxsgjhes.com,False
ToKnowAll.com,True
liilsuive.bid,False
uoarbhxfyygn.com,False
ahkilcrublxn.bid,False
inboxmsgread-vkm.online,False
inboxmsgread-cnv.online,False
lsslotuojpud.com,False
rineventrec.com,False
retadint.com,False
paulstellini.com,True
oursy.co.nf,True
siladin.cch-oriente.unam.mx,True
secure-webmail.webs.com,True
surgut.flatbe.ru,True
roofsalesmastery.com,True
ultrareservation.com,True
ucreative.ac.uk,True
tri-members.bo3.tripod.com,True
coinrail.io,False
agrikencanaperkasa.com,True
coinhive-manager.com,False
adminer.com,True
7afish.ru,True
btcprominer.life,True
bitcoiner.win,True
whchsvlxch.site,False
web.crm-warehouse.be,True
zzfdyy.com,False
goz.ornontowice.pl,True
c7e935.netlify.com,True
andlache.com,False
crash-analytics.com,True
alcani.com.mx,True
zlegalsource.com,True
trigaproholds.com,True
freecontent.loan,False
coinminerz.com,True
coinhive.org,True
clickandbuy.review,False
custom1.starkwebsolutions.com,False
thnqemehtyfe.com,True
azla.sytes.net,True
pconline.com.cn,True
zena.kz,False
topsecurityplace.com,True
www.ionfarms.com,True
adimmix.com,True
modeltheme.com,True
ministerioresgateparavida.com.br,True
jmvjmgofvxnu.com,False
minercircle.com,True
india-by-night.com,False
findhere.org,True
sanahealth.com.hk,True
pousadadasandorinhas.com,True
puikis.lt,True
inboxmsgread-cwb.online,True
jsccnn.com,False
zapppo1.org,False
hosthqk.net,True
pcrtestsite.com,True
myadstats.com,False
itunespro.com,True
rintinwa.com,False
felipeporto.com.br,True
tokyodrift.ga,False
hrvxpinmdyjx.com,False
hgzopbyhidre.com,False
npdaqy6x1j.me,False
yaheshesh.com,False
tazm9p7tso.trade,False
okvmsjyrremu.com,False
quardsecurity.com,True
64uq73u7ug.webcam,False
nightrk.idel.pl,True
safetrer.info,True
behybmunweid.com,True
lehigh-cyber.weebly.com,True
LBPA01.BK-PARTNERSUS.COM,True
teqceeivmpvv.com,False
myoffers.bid,True
louique.co.za,False
nvqsjdvgqnyk.com,False
thomasbct.com.au,True
testtexttost555888.com.tw,True
cgjyesqhxzzm.com,False
eaidabmuxbqy.com,False
buyandfun.review,False
lordsdistillery.com,False
regional-consultants.com,True
skiangpa.net,True
stavsu.ru,True
gstpgbhqzia.bid,False
vrewpywootyu.com,False
drivenational.ca,True
linkr.us,True
asdad.xyz,True
melhormassagem.com.br,False
update05.sytes.net,True
adrotate.sytes.net,True
linkr.fr,True
wellsfarg.com,False
linkr.re,False
lehigh-it.webnode.com,True
megawestenergy.com,True
windowslive.servepics.com,True
shop8net.com,True
testingdomainforfhj2220001.com.tw,True
strike.cable-modem.org,True
snaretrack.biz,True
wevafiles.com,False
zxz666.myftp.org,True
walk.keenegrad.com,True
ivanovo.by,False
test444for555test333.com.tw,True
clickwith.bid,False
bakjtxvku.bid,False
hegrinhar.com,False
lfzbgckyctztj.bid,False
msmyjmkshh.bid,False
www.msrwoxdkffcl.com,False
isma.info,True
missaoalianca.com.br,True
mnetqnqpmog.bid,False
nexodyne.com,True
au2-gate.com,False
box-land.com,True
minero.pw,False
bqdpscae.bid,False
blnxyqdnsl.bid,False
pro100123.ru,False
technoback.com,True
lfcnzhcnzded.com,False
mlntnugnalv.bid,False
mlmzevmun.bid,False
zipsurvey.com,True
alexaplescan.ro,True
coinive.com,True
level-upgrage.com,True
mikkvpggxg.bid,False
www.gedmodsxbebd.com,False
nrifyiemem.bid,False
cwhuavlffzvhyi.bid,False
djhqkoikovr.bid,False
lojqfrcipvoo.bid,False
publishersmanagement.com,True
powr.io,True
mncdrqeqimfgh.bid,False
mmdcibihoimt.com,False
aqryyhyzjveh.com,False
syscation.com,True
ddhnjkaojrcv.bid,False
hjyxnjfbrj.bid,False
gqnotcpintcq.bid,False
cougargalleries.com,True
au1-config.net,False
jqdwgguusof.bid,False
ozmadxvtrffam.bid,False
qteoslcm.bid,False
lskzcjgerhzn.com,False
rfecjuzp.bid,False
studio33tattoo.com.br,True
tg1.username.dc11.wix.com,True
mmoxoatieyam.bid,False
clickandbuy.win,False
maalaimalar.com,True
uyiqmcfidci.bid,False
otxjkjhugtzro.bid,False
mlnvmpmgzfk.bid,False
pinte.com.tw,True
konbwfktusra.com,True
quiverforge.com,True
tsptvvyema.bid,False
gjfugukpyo.bid,False
pdtaqyjqwfkarz.bid,False
profcappello-napoli.it,True
vwimfzntn.bid,False
cjprndsozzdu.bid,False
hdweefzvb.bid,False
zpctncydojjh.com,False
www.mzkhhjueazkn.com,False
aqornnfwxmua.com,False
home.btconnect.com,True
maymacngocphuong.com,False
stoneimportsolutions.com,True
ny7f6goy.bid,False
pydpcqjenhjx.com,False
extremeinjector.com,True
mddviuqbkwyir.bid,False
salesjoblondon.com,False
battlewright.com,True
akbid-alikhlas.ac.id,True
djpeterblue.com.br,True
coredis.pl,True
lojasrai.com.br,True
popadscdn.net,True
frlzxwxictmg.com,False
drbwugautcgh.com,False
onuwbarslrii.bid,False
nnjumxsvpjbnb.bid,False
nlhhrkamvs.bid,False
mcrjoftwhprkrx.bid,False
mclwrdzj.bid,False
jliqigsnggdwxp.org,False
iwqugvxozbkd.com,False
institutopdv.com,True
dcznhkojghrl.com,True
bzyrhqbdldds.com,False
integritytechservice.com,True
daytavan.ir,False
kuwo.cn,True
zezi.me,True
sexybeastialityvideos.com,True
factorybeta.preferati.com,True
earth.dhosting.pl,True
phoenixcoin.org,True
justmonkeydothat.com,True
dpallyihgtgu.com,True
itemdb.com,True
one2shoppee.com,False
dmdamedia.hu,True
adres35.sytes.net,True
dataloading.net,True
freemake.net,True
masterdominion.com.tw,True
crypto-pool.fr,True
mxxrzwibnlnmd.bid,False
opticavitoria.com.br,False
myfitnessmaster.com,True
xldavinchireverce.com,True
oqkplss.com,True
hotellapedregosa.com,True
federetoktyt.net,True
vcita.com,True
track.wwwapps-ups.net,True
webminepool.tk,False
neymo.org,True
nwcvzkicuo.bid,False
spacepools.org,True
softsecuritylab.com,True
cyberthread.ph,True
cryptoloot.pro,False
cyad456.com,False
sxsx.biz,False
www.jbyksmjmbmku.com,False
dicelsac.com,True
zahracoci.id,True
clermontcentralchurch.org,True
stacyeiblerki.com,True
harrychong.com,True
ludayuan.net,True
cpufan.club,False
colnhive.com,False
lqvckaciozvs.bid,False
longstor.com,True
zxavxgjcjmkh.com,True
qwertyghost122245678.com,True
leuojmgbkpcl.com,False
ucflpjvvyaww.bid,False
fce.edu.br,True
ogrid.org,True
breadandwine.net,True
lqiublivx.bid,False
clickmon.co.kr,True
costumimascotte.com,False
oswegoyouthsoccer.org,True
cool.shelldos.co.cc,True
lqfbxvmq.bid,False
myhdpwmjabpc.bid,False
nzyymvidnbvz.bid,False
scoparocorp.com.br,True
webxmr.com,True
boulka.pl,True
bodegaconstruir.com.mx,True
blackzing.mooo.com,True
media.https04.com,True
mutuza.win,False
botnetdown.gicp.net,True
bnhtml.com,True
outlwebsonl.gq,False
botcat.la,True
blueforest.com,True
achverification.com,True
aunlianplastic.com,True
99downer.com,False
gvinternational.co.in,False
webmine.pro,True
owastgotanation.co.nf,True
track.myapps-ups.org,False
cndhit.xyz,False
meisho.com.my,True
werkenbijmediaan.nl,False
whgsyczcofwf.com,False
cloudmedia.gdn,False
recaponline.com,True
albumepremium.ro,False
amberschool2.com,False
clod.pw,False
clinicaimpla.com,True
vlrzhoueyoxw.com,True
clinicacesarnavarro.com,False
projectpoi.com,True
citydatesverify.com,False
ceyice.cc,False
systemhealerhost.net,True
www.jusrlkubhjnr.com,True
coursesite.lehigh.rarn.me,False
mrslove.com,True
all-nacha-datainfo.com,True
1beb2a44.space,False
19.bodysculptlipo.com,True
coiner.site,False
coihive.com,False
willbriley.com,True
widowadvertising.net,True
csdukol.xyz,False
eks.com.pk,False
eyupsultan.no,True
etbrjgpsadke.com,False
esapiiroinen.net,False
bkser.jvdmjs.cn,False
bitnex.io,True
earncoins.club,True
dyjifezeyagm.com,False
cdnfile.xyz,True
cdbxuzzlgfhh.com,True
infamylists.com,True
hdeiyrdw.bid,False
seviyel.com,True
coffeecup.com,True
emailupgradedd.110mb.com,False
star-anim.com,True
egkkeahdzjqy.com,True
subprint.solutions,True
flash1029.com.ar,True
webassembly.stream,True
billyd.com.au,False
docushredusa.com,True
citadelchurchjax.com,True
meleather.com,True
xdqoopws.bid,False
derpqpyvym.bid,False
debuackedhkvu.bid,False
synergeiakatharismou-thessaloniki.gr,False
hbrvwrdama.bid,False
snhfmewkai.bid,False
gyvyokpmmb.bid,False
freecontent.racing,False
mvstarcraft.com,True
balloondudetravis.com,True
turviagens.net,True
hashforcash.us,False
rapportreport.com,False
gvyliqny.bid,False
hhnamywutsvovm.bid,False
gshiupcdkolv.bid,False
grhqitjkih.bid,False
aqqgli3vle.bid,False
vinklum.es,True
infocyber.pl,True
policjasanitarna.pl,True
xxxmagicreservation.com,True
cda.pl,True
gopamdzgpdrwe.bid,False
semvdooatmd.bid,False
futengcapital.com,True
lmcyclients.com,True
liveforms.org,True
vzrnb4o4.com,True
gtbank.com,True
ghycvwos.bid,False
fyifssdoq.bid,False
fhsxhewkajqwgf.bid,False
skaulppmndy.bid,False
sekllcjbujp.bid,False
reasedoper.pw,False
scvonjdwad.bid,False
ventsteens.co.za,True
gfhlwbxjjdla.bid,False
fxpjkzwveswgtt.bid,False
fjmxpixte.bid,False
fgxgzjeip.bid,False
sjnfgvjizo.bid,False
seotpqntjukhg.bid,False
grupobolivia.com,False
fuhgvhuukl.bid,False
zsxaeudw.bid,False
ns1.namesservers.org,False
fnkyyrgraizy.com,True
fgilgpmoudkzx.bid,False
gaxafjlxgoqfj.bid,False
fileservice.ir,True
cpu2cash.link,False
clickwith.date,False
novaminers.tk,False
liveformhq.com,True
www2.mypayroll.ph,True
soibuuqqhuyo.com,False
et-code.ru,True
dartnellspharmacy.com.au,True
y0.pl,True
worldcompanysapporo.co.jp,True
zclxwzegqslr.com,False
verresof.com,False
torrent.pw,True
d3keuangandaerah.undip.ac.id,False
chiybszey.bid,False
jrtawlpbusyg.com,False
kimiyaindustry.com,True
webterren.com,True
truebuilders.net,False
ff-consultoria.com,True
car-mania.ru,True
c0i8h8ac7e.bid,False
hivnd.net,True
cdn-xhr.com,True
webeden.co.uk,True
weddingstogo.com.au,True
downloadnetworkhost.com,True
bzfguipyjops.com,False
buzzoola.com,True
buypaymer.so,False
bufqrxzyrecf.com,False
fnt.kz,True
oypt-71.gq,True
topnew.got-game.org,True
topbet.eu,True
droppages.com,True
skygroove.mx,True
totalcoat.com,True
afscontabilrj.com.br,True
helloyungmenqq.com,True
djgt.net,True
koowo.com,True
mkyzqyfschwd.com,False
www.123contactform.com,True
ldkyzudgbksh.com,False
microsoft-update.name,True
msg.video.dns.iqiyi.com,True
oasedev.ro,True
kittipon-thai-restaurant.ch,True
rottastics36w.net,True
maildesk.yolasite.com,True
mycontactform.com,True
kg-contacter.de,True
gtcyber.com,True
jtmfmeexjet.bid,False
tk.hostinghood.com,True
000webhostapp.com,True
e5956.dscf.akamaiedge.net,True
duvyjbofwfqh.com,False
cryptobara.com,True
bisiteles.com,True
a3v032.xtrweb.com,True
dudaone.com,True
systemten.org,True
dn-montage.ch,True
oprebatph.org,True
ptichka.ru,True
juyfhwxcvzft.com,False
junioroops.name,True
kupie-dlugi.pl,True
sweetwaterresort.com,True
retyuloploples.net,True
rawsheany.com,True
willacrit.com,False
19.bodysculptlifestyle.com,True
114dns.com,True
jeto.org,False
presentflo.ru,True
ultimatesecurity.info,True
turboimg.net,True
taxdocument.secontayperdkesbo.tk,True
urssd.co.nf,True
uralgaz.ru,True
update7.typeform.com,True
vjcyehtqm9.me,False
umai.kitchen,False
dino.in.ezar.ru,True
copesa.com.py,True
www.bgcsojmtgdrv.com,False
coinpot.co,True
bitminer.io,True
www.oldbaku.com.ua,True
brandc.name,True
webupgrade.sitey.me,True
aussiemigrationservices.com.au,True
activedent.net,True
advisegroup.ru,True
didnkinrab.com,False
chiceventsanddesign.com,True
contanya.com,True
bplaced.net,True
al-kausargroup.com,False
albertoprimavera.com.ar,True
diosdelared.com.mx,False
cryptotab.net,True
home.in.confused.w2c.ru,True
fd301.hoopchina.com,True
hashdeu.md,True
carrusel.com.co,True
cv.mason.org.tr,False
hashing.win,True
hhtres.com,True
ecoinz.cz,False
drontapesoff.com,True
d-four.com,True
gospod.host22.com,True
freshrefresher.com,False
caspio.com,True
ejayne.net,True
finance.gd,True
formcrafts.com,True
drivers-academy.gr,False
dragonparking.com,True
knowlephotographic.co.uk,True
oldfolk.pl,False
marpha.ro,True
pantera-hd.ru,True
peti.com.ph,True
lvrvufurxhgp.com,False
jdjsaf34.com,True
lprshcsmijfovp.com,True
outdoorpiumhi.com.br,True
searchencrypt.com,True
flashbangsecurity.com,True
kuwaitnet.net,True
musicstudioseattle.net,True
moonfruit.com,True
hosters.ld.vg,True
kriskemp.com,True
proxy2.pagecloud.com,True
powiat-lancut.com.pl,True
belladonnamonna.com,False
kopa.co.za,True
freehost21.tw,True
center.dhammakaya.biz,True
themaltesegallery.com,True
iserverupdates.com,True
net16.net,True
vvgttgprssiy.com,False
zlen.ru,True
seeikom.name,True
icloud-analysis.com,True
nichehit.net,True
lehigh-edu.webs.com,True
provision-ngl.org,True
my-free.website,False
shikalmuna.com,True
customtrer.info,True
oxanehlscsry.com,False
webfenix.no-ip.org,True
ajepcoin.com,False
bnqaljyjkpwmiu.bid,False
13r.lg.ua,False
mysqlupdate.sytes.net,True
backurl.us,True
testfortestltd444557.com.tw,True
csgocpu.com,False
gumusaluminyumkupeste.com,True
nabilams.org,True
happy2013.org,True
mybackupdns.org,False
355553.parkingcrew.net,True
cqcebzspxptwfl.bid,False
berriag.ch,True
destinationtours.com.ph,True
moneone.ga,False
mobilitydata5.com,True
cassinointernet.com.br,True
users.on.net,True
bappeda.jogjaprov.go.id,True
fsqgojinc.bid,False
xlcnavkhn.bid,False
siogczwibswm.com,False
paperform.co,True
fdjdyzoqnzikx.bid,False
superwood.com.my,True
sfimnakedgirls.com,True
shreeanandinternational.com,True
rove.cl,True
creatorlink.net,True
cpc-ccp.com,True
forum4you.im,False
wilcarobbe.com,False
www.smile.uk.net,True
planetaecobag.com.br,True
wzepkzuyaaoozu.bid,False
youporn.sexy,True
bmnccwprdrszpj.bid,False
wvxywejnmpsh.bid,False
wapvhtyc.bid,False
tolanimusic.com,True
gridiogrid.com,False
ontrapages.com,True
countrysefa.org,False
wildcard.smvi.co.herokudns.com,True
goldentouch.coffeecup.com,True
lehigh-edu-verfication.yolasite.com,True
sergnovgorod23.narod2.ru,True
goegstjtam.bid,False
grewuxii.bid,False
glykvwol.bid,False
covalladolid.org,True
PR-Suspensions-1630320541.us-east-1.elb.amazonaws.com,True
d3ahinqqx1dy5v.cloudfront.net,True
proscan.ca,True
newlanscoachbuilders.com.au,True
ogue.com.br,False
vfvjddae.bid,False
gqtcapjnn.bid,False
hckmbeebnstnp.bid,False
gzyddiyiyme.bid,False
glfnjyzix.bid,True
yesubqwrfvepm.bid,False
gmnxupczjmecj.bid,False
gkmaclyrj.bid,False
study-in-china.org,True
intexgencon.com,False
johnsoncaravans.com.au,True
netne.net,True
microsofto.sytes.net,True
sharebook.pl,False
tacobell.com.sa,True
xf0.pw,False
lkfnpad.atspace.cc,True
gkiqfnjtwmj.bid,False
v2v.lga.gov.ph,True
gigphdgtszus.bid,False
ghzylikrcdydf.bid,False
2ndflorida.com,True
69xiu.com,True
bitember.com,True
spigot.com,True
jdhnfbmrhwkn.com,False
tjj.com,False
startminer.com,True
ftdyrqgjr.bid,False
gzhazcfkr.bid,False
ffvghouburgijz.bid,False
clinicaplenus.com,True
www.dfcwecvmjtdj.com,False
www.peace-one.jp,True
nrepcbiqaasqih.bid,False
myhrform.com,False
dniphotos.com,True
mwgairxva.bid,False
ayintaphotel.com,True
zajm-dengi-credit.ru,False
yzlwuuzzehjh.com,True
qroslnnklpmcrmor.biz,True
ouahjrthgxyh.bid,False
mvesulbecwq.bid,False
comli.com,True
onmnkdzpmvxfab.bid,False
nyaisjsghvj.bid,False
mwenzdgzgez.bid,False
inboxmsgread-cs.online,False
d3iz6lralvg77g.cloudfront.net,True
rotadossentidos.com,True
qfzy.cn,True
cetrixa.se,False
vclmcskuvdps.bid,True
jkmichaelshub.com,True
npaclqyoqrwh.bid,False
todogecoin.biz,True
nouvurtqlz.bid,False
mvyfuwczzotfe.bid,False
martinic.cl,True
ftotose.vrozetke.com,False
speedof.me,True
caprigos.com,True
scarstav.cz,True
formforall.com,True
asramanch.org,True
iupqelechcmj.com,False
mailboxupgrade.ml,True
cuccus.in,False
tongomario.com,True
buhomania.com,False
maquinamotors.com,True
reactor.cc,True
whkwbllcctfm.com,False
webminerpool.com,True
agbtourvacanze.it,True
pherkax.com,True
dimartinospa.com,False
roadfitterapparel.com,True
cnts.me,True
tharbadir.com,True
localdarcenss.com,True
136.villebois.community,False
fgcu.eu,False
bbce-legalconsultancy.com,True
wapka.mobi,True
www.spiritaware.org,True
www.kristalrogaska.si,True
qidujituan.com,False
procompetent.com,True
utep.eu,True
stetson.eu,True
armatuviaje.com,True
connect.lehigh.edu.cnts.me,False
ecuasanitas.info,True
aioss.us,True
tventinypoloret.com,True
yiluzhuanqian.com,True
86243.8b.io,True
www.biboting.com,True
107788.com,True
refunevent.com,True
webydo.com,True
fxxz.com,True
webspace.quinnipiac.edu,True
webaircdn.com,True
twinkempire.com,True
testtestingpotatoes111222.com.tw,True
bbs.xiaoji,False
webflow.io,True
triplexguard.com,True
tidafors.xyz,False
trem.org,True
thaivbd.org,True
tradingcenter.cc,True
universaldriverupdater.com,False
topstyle.me,True
thiennhanfamily.com,True
webminer.pro,True
transito.ru,True
casinicanadian.atwebpages.com,True
thienthiennhan.com,True
tfdessa.ru,True
cbmay.com,False
todoarteicopor.com,True
tripod.com,True
testingforinnovation2221999.com.tw,True
bernardyn.pl,True
barclaysghana.org,False
atwebpages.com,True
spylog.com,True
thebest-peguard.rr.nu,True
testing1testing2fhj3888222.com.tw,True
testfhjtestpanel2226333.com.tw,True
testeradminpanel222777.com.tw,True
ukit.me,True
vipworldhost.com,True
ukbasics.com,True
webs.com,True
viimans.com,True
twopiz.com,True
vikramcreations.com,True
bayrakgida.com,True
bafokeng.net,True
wopedjhfntzfgh.com,True
arubatriathlon.com,True
www.mhwxckevqdkx.com,False
www.kbsceyleonkq.com,True
www.bbheuxcancwj.com,False
testtestforfhj111998.com.tw,True
atcmusic.com,True
wyldeart.com,True
www.jiyairvjgfqk.com,False
www.giyjhogjmfmc.com,False
wvps46-163-106-177.dedicated.hosteurope.de,True
asha.edu.ph,True
avtechsystems.co.ke,True
www.klakcdiqmgxq.com,False
barber-q-oregon.com,True
gbdqimygbobtih.bid,False
www.jjdrwkistgfh.com,False
workduty.com,True
testinglightversion999111.com.tw,True
wiremeshbelt.net,True
wordquran.com,True
cacpcaizwx.bid,False
buauaamx.bid,False
pushwelcome.com,True
rxknixwwt.bid,False
mttyfwtvyumc.com,False
xvfzxuzvxcv.bid,False
sghradxea.bid,False
nnbmyxnbyduea.bid,False
iwnvbdosun.bid,False
xuiiiqpsw.bid,False
bxpbwitpgbid.bid,False
jmghohdn.bid,False
immgnzenbixuzd.bid,False
crackingod.com,True
xtzslqieeh.bid,False
byspwzspx.bid,False
xkziczlmpsfw.bid,False
bwnrgfhbd.bid,False
trishabrowncompany.org,True
xptcatkpcyfeev.bid,False
auspring.com.tw,True
atonegofinancial.com,True
bypjftbwbpj.bid,False
bweqokcd.bid,False
zxaveqdykktbvl.bid,False
united-trans.org,False
xpiajagcdpkhlx.bid,False
bymyneknm.bid,False
xicnoklyvgldzh.bid,False
hexat.com,True
olazspdsld.bid,False
mmqsbtpmdrib.bid,False
hxvbrahd.bid,False
htnzwuvgphjwqc.bid,False
sallymiller.com,True
lhedywrtanrgz.bid,False
horylaht.bid,False
robhazelwood.com,True
coinhive.info,True
ccabzumewfk.bid,False
kmqlirdx.bid,False
kfaesgypn.bid,False
saintsaviourchurch.org,True
rhitm.co.cc,True
quiverharbor.com,True
cl2.dhfszh.com.w.kunlunea.com,True
ritsoperrol.ru,False
llij.cf,True
803mine.com,True
11776.BODIS.com,True
poopmap.net,True
fmztxzdrq.bid,False
technobusinesscenter.com,False
0bq.ru,True
loveandlight.aws3.net,True
fitoteafclope.pl,True
